packageId,dateIssued,granuleId,title,granuleClass
CREC-2023-02-03,2023-02-03,CREC-2023-02-03-pt1-PgS243-3,"ADJOURNMENT UNTIL TUESDAY, FEBRUARY 7, 2023, AT 3 P.M.",SENATE
CREC-2023-02-03,2023-02-03,CREC-2023-02-03-pt1-PgS243-2,APPOINTMENT OF ACTING PRESIDENT PRO TEMPORE,SENATE
CREC-2023-02-03,2023-02-03,CREC-2023-02-03-pt1-PgS243,House of Representatives,SENATE
CREC-2023-02-03,2023-02-03,CREC-2023-02-03-pt1-PgD95-6,Daily Digest/Next Meeting of the SENATE + Next Meeting of the HOUSE OF REPRESENTATIVES + Other End Matter,DAILYDIGEST
CREC-2023-02-03,2023-02-03,CREC-2023-02-03-pt1-PgD95-5,Daily Digest/COMMITTEE MEETINGS FOR 2023-02-06,DAILYDIGEST
CREC-2023-02-03,2023-02-03,CREC-2023-02-03-pt1-PgD95-4,Daily Digest/House Committee Meetings,DAILYDIGEST
CREC-2023-02-03,2023-02-03,CREC-2023-02-03-pt1-PgD95-3,Daily Digest/House of Representatives,DAILYDIGEST
CREC-2023-02-03,2023-02-03,CREC-2023-02-03-pt1-PgD95-2,Daily Digest/Senate Committee Meetings,DAILYDIGEST
CREC-2023-02-03,2023-02-03,CREC-2023-02-03-pt1-PgD95,Daily Digest/Senate,DAILYDIGEST
CREC-2023-02-02,2023-02-02,CREC-2023-02-02-pt1-PgS242,CONFIRMATION,SENATE
CREC-2023-02-02,2023-02-02,CREC-2023-02-02-pt1-PgS240-7,NOMINATIONS,SENATE
CREC-2023-02-02,2023-02-02,CREC-2023-02-02-pt1-PgS240-6,ADJOURNMENT UNTIL 11 A.M. TOMORROW,SENATE
CREC-2023-02-02,2023-02-02,CREC-2023-02-02-pt1-PgS240-5,"ORDERS FOR FRIDAY, FEBRUARY 3, THROUGH TUESDAY, FEBRUARY 7, 2023",SENATE
CREC-2023-02-02,2023-02-02,CREC-2023-02-02-pt1-PgS240-4,AUTHORIZING APPOINTMENT OF ESCORT COMMITTEE,SENATE
CREC-2023-02-02,2023-02-02,CREC-2023-02-02-pt1-PgS240-3,MEASURE READ THE FIRST TIME--S. 259,SENATE
CREC-2023-02-02,2023-02-02,CREC-2023-02-02-pt1-PgS240-2,RESOLUTIONS SUBMITTED TODAY,SENATE
CREC-2023-02-02,2023-02-02,CREC-2023-02-02-pt1-PgS240,RESOLUTIONS SUBMITTED TODAY,SENATE
CREC-2023-02-02,2023-02-02,CREC-2023-02-02-pt1-PgS239-3,PROVIDING FOR A JOINT SESSION OF CONGRESS TO RECEIVE A MESSAGE FROM THE PRESIDENT,SENATE
CREC-2023-02-02,2023-02-02,CREC-2023-02-02-pt1-PgS239-2,AUTHORITY FOR COMMITIEES TO MEET,SENATE
CREC-2023-02-02,2023-02-02,CREC-2023-02-02-pt1-PgS239,"SENATE RESOLUTION 32--CONDEMNING THE VIOLENT INSURRECTION IN BRAZIL ON JANUARY 8, 2023, AND EXPRESSING UNITED STATES SOLIDARITY WITH THE PEOPLE OF BRAZIL, AS WELL AS SUPPORT FOR SAFEGUARDING BRAZIL...",SENATE
CREC-2023-02-02,2023-02-02,CREC-2023-02-02-pt1-PgS238-3,"SENATE RESOLUTION 31--TO CONSTITUTE THE MINORITY PARTY'S MEMBERSHIP ON CERTAIN COMMITTEES FOR THE ONE HUNDRED EIGHTEENTH CONGRESS, OR UNTIL THEIR SUCCESSORS ARE CHOSEN",SENATE
CREC-2023-02-02,2023-02-02,CREC-2023-02-02-pt1-PgS238-2,"SENATE RESOLUTION 30--TO CONSTITUTE THE MAJORITY PARTY'S MEMBERSHIP ON CERTAIN COMMITTEES FOR THE ONE HUNDRED EIGHTEENTH CONGRESS, OR UNTIL THEIR SUCCESSORS ARE CHOSEN.",SENATE
CREC-2023-02-02,2023-02-02,CREC-2023-02-02-pt1-PgS238,"SENATE RESOLUTION 29--DESIGNATING THE WEEK BEGINNING FEBRUARY 5, 2023, AS ``NATIONAL TRIBAL COLLEGES AND UNIVERSITIES WEEK''",SENATE
CREC-2023-02-02,2023-02-02,CREC-2023-02-02-pt1-PgS237-3,SENATE RESOLUTION 28--COMMEMORATING THE 20-YEAR ANNIVERSARY OF THE LOSS OF SPACE SHUTTLE COLUMBIA,SENATE
CREC-2023-02-02,2023-02-02,CREC-2023-02-02-pt1-PgS237-2,"SENATE RESOLUTION 27--DESIGNATING FEBRUARY 1, 2023, AS ``BLUE STAR MOTHER'S DAY''",SENATE
CREC-2023-02-02,2023-02-02,CREC-2023-02-02-pt1-PgS237,SENATE RESOLUTION 26--HONORING THE 106TH ANNIVERSARY OF SELFRIDGE AIR NATIONAL GUARD BASE AND THE CONTRIBUTIONS OF SELFRIDGE AIR NATIONAL GUARD BASE TO THE MILITARY AND NATIONAL SECURITY OF THE...,SENATE
CREC-2023-02-02,2023-02-02,CREC-2023-02-02-pt1-PgS236-2,SUBMITTED RESOLUTIONS,SENATE
CREC-2023-02-02,2023-02-02,CREC-2023-02-02-pt1-PgS236,Introductory Statement on S. 265,SENATE
CREC-2023-02-02,2023-02-02,CREC-2023-02-02-pt1-PgS235-3,Introductory Statement on S. 255,SENATE
CREC-2023-02-02,2023-02-02,CREC-2023-02-02-pt1-PgS235-2,Introductory Statement on S. 253,SENATE
CREC-2023-02-02,2023-02-02,CREC-2023-02-02-pt1-PgS235,Introductory Statement on S. 247,SENATE
CREC-2023-02-02,2023-02-02,CREC-2023-02-02-pt1-PgS234,Introductory Statement on S. 246,SENATE
CREC-2023-02-02,2023-02-02,CREC-2023-02-02-pt1-PgS231-4,Introductory Statement on S. 242,SENATE
CREC-2023-02-02,2023-02-02,CREC-2023-02-02-pt1-PgS231-3,Introductory Statement on S. 241,SENATE
CREC-2023-02-02,2023-02-02,CREC-2023-02-02-pt1-PgS231-2,STATEMENTS ON INTRODUCED BILLS AND JOINT RESOLUTIONS,SENATE
CREC-2023-02-02,2023-02-02,CREC-2023-02-02-pt1-PgS231,ADDITIONAL COSPONSORS,SENATE
CREC-2023-02-02,2023-02-02,CREC-2023-02-02-pt1-PgS230,SUBMISSION OF CONCURRENT AND SENATE RESOLUTIONS,SENATE
CREC-2023-02-02,2023-02-02,CREC-2023-02-02-pt1-PgS229,INTRODUCTION OF BILLS AND JOINT RESOLUTIONS,SENATE
CREC-2023-02-02,2023-02-02,CREC-2023-02-02-pt1-PgS228,EXECUTIVE REPORTS OF COMMITTEES,SENATE
CREC-2023-02-02,2023-02-02,CREC-2023-02-02-pt1-PgS227-7,EXECUTIVE AND OTHER COMMUNICATIONS,SENATE
CREC-2023-02-02,2023-02-02,CREC-2023-02-02-pt1-PgS227-6,MEASURES READ THE FIRST TIME,SENATE
CREC-2023-02-02,2023-02-02,CREC-2023-02-02-pt1-PgS227-5,MEASURES PLACED ON THE CALENDAR,SENATE
CREC-2023-02-02,2023-02-02,CREC-2023-02-02-pt1-PgS227-4,MEASURES REFERRED,SENATE
CREC-2023-02-02,2023-02-02,CREC-2023-02-02-pt1-PgS227-3,MESSAGE FROM THE HOUSE,SENATE
CREC-2023-02-02,2023-02-02,CREC-2023-02-02-pt1-PgS227-2,EXECUTIVE MESSAGES REFERRED,SENATE
CREC-2023-02-02,2023-02-02,CREC-2023-02-02-pt1-PgS227,MESSAGES FROM THE PRESIDENT,SENATE
CREC-2023-02-02,2023-02-02,CREC-2023-02-02-pt1-PgS226-2,RECOGNIZING RED OAK FABRICATION,SENATE
CREC-2023-02-02,2023-02-02,CREC-2023-02-02-pt1-PgS226,ADDITIONAL STATEMENTS,SENATE
CREC-2023-02-02,2023-02-02,CREC-2023-02-02-pt1-PgS225-5,TRIBUTE TO DAVID W. CARLE,SENATE
CREC-2023-02-02,2023-02-02,CREC-2023-02-02-pt1-PgS225-4,LEGISLATIVE SESSION,SENATE
CREC-2023-02-02,2023-02-02,CREC-2023-02-02-pt1-PgS225-3,Cloture Motion (Executive Session),SENATE
CREC-2023-02-02,2023-02-02,CREC-2023-02-02-pt1-PgS225-2,EXECUTIVE CALENDAR (Executive Session),SENATE
CREC-2023-02-02,2023-02-02,CREC-2023-02-02-pt1-PgS225,LEGISLATIVE SESSION,SENATE
CREC-2023-02-02,2023-02-02,CREC-2023-02-02-pt1-PgS222,Willow Project (Executive Session),SENATE
CREC-2023-02-02,2023-02-02,CREC-2023-02-02-pt1-PgS221,Tribute to Frank Hughes and Lincoln Bean (Executive Session),SENATE
CREC-2023-02-02,2023-02-02,CREC-2023-02-02-pt1-PgS220-2,Vote on Falk Nomination (Executive Session),SENATE
CREC-2023-02-02,2023-02-02,CREC-2023-02-02-pt1-PgS220,Classified Documents (Executive Session),SENATE
CREC-2023-02-02,2023-02-02,CREC-2023-02-02-pt1-PgS219,Insulin (Executive Session),SENATE
CREC-2023-02-02,2023-02-02,CREC-2023-02-02-pt1-PgS218,Prescription Drug Costs (Executive Session),SENATE
CREC-2023-02-02,2023-02-02,CREC-2023-02-02-pt1-PgS216-5,Committees (Executive Session),SENATE
CREC-2023-02-02,2023-02-02,CREC-2023-02-02-pt1-PgS216-4,Congratulating the South Dakota State University Jackrabbits (Executive Session),SENATE
CREC-2023-02-02,2023-02-02,CREC-2023-02-02-pt1-PgS216-3,EXECUTIVE CALENDAR (Executive Session),SENATE
CREC-2023-02-02,2023-02-02,CREC-2023-02-02-pt1-PgS216-2,CONCLUSION OF MORNING BUSINESS,SENATE
CREC-2023-02-02,2023-02-02,CREC-2023-02-02-pt1-PgS216,RESERVATION OF LEADER TIME,SENATE
CREC-2023-02-02,2023-02-02,CREC-2023-02-02-pt1-PgS215-3,ENVIRONMENTAL PROTECTION AGENCY,SENATE
CREC-2023-02-02,2023-02-02,CREC-2023-02-02-pt1-PgS215-2,VOTING LAWS,SENATE
CREC-2023-02-02,2023-02-02,CREC-2023-02-02-pt1-PgS215,RECOGNITION OF THE MINORITY LEADER,SENATE
CREC-2023-02-02,2023-02-02,CREC-2023-02-02-pt1-PgS214-3,STRATEGIC PETROLEUM RESERVE,SENATE
CREC-2023-02-02,2023-02-02,CREC-2023-02-02-pt1-PgS214-2,CHILE,SENATE
CREC-2023-02-02,2023-02-02,CREC-2023-02-02-pt1-PgS214,BIG OIL,SENATE
CREC-2023-02-02,2023-02-02,CREC-2023-02-02-pt1-PgS213-7,DEBT CEILING,SENATE
CREC-2023-02-02,2023-02-02,CREC-2023-02-02-pt1-PgS213-6,MEASURES PLACED ON THE CALENDAR EN BLOC--S. 214 AND S. 219,SENATE
CREC-2023-02-02,2023-02-02,CREC-2023-02-02-pt1-PgS213-5,RECOGNITION OF THE MAJORITY LEADER,SENATE
CREC-2023-02-02,2023-02-02,CREC-2023-02-02-pt1-PgS213-4,RESERVATION OF LEADER TIME,SENATE
CREC-2023-02-02,2023-02-02,CREC-2023-02-02-pt1-PgS213-3,PLEDGE OF ALLEGIANCE,SENATE
CREC-2023-02-02,2023-02-02,CREC-2023-02-02-pt1-PgS213-2,PRAYER,SENATE
CREC-2023-02-02,2023-02-02,CREC-2023-02-02-pt1-PgS213,Senate,SENATE
CREC-2023-02-02,2023-02-02,CREC-2023-02-02-pt1-PgS-FrontMatter,CONGRESSIONAL RECORD,SENATE
CREC-2023-02-02,2023-02-02,CREC-2023-02-02-pt1-PgH684,"CONGRESSIONAL EARMARKS, LIMITED TAX BENEFITS, OR LIMITED TARIFF BENEFITS",HOUSE
CREC-2023-02-02,2023-02-02,CREC-2023-02-02-pt1-PgH683-9,Constitutional Authority and Single Subject Statements for H.R. 819,HOUSE
CREC-2023-02-02,2023-02-02,CREC-2023-02-02-pt1-PgH683-8,Constitutional Authority and Single Subject Statements for H.R. 818,HOUSE
CREC-2023-02-02,2023-02-02,CREC-2023-02-02-pt1-PgH683-7,Constitutional Authority and Single Subject Statements for H.R. 817,HOUSE
CREC-2023-02-02,2023-02-02,CREC-2023-02-02-pt1-PgH683-6,Constitutional Authority and Single Subject Statements for H.R. 816,HOUSE
CREC-2023-02-02,2023-02-02,CREC-2023-02-02-pt1-PgH683-5,Constitutional Authority and Single Subject Statements for H.R. 815,HOUSE
CREC-2023-02-02,2023-02-02,CREC-2023-02-02-pt1-PgH683-4,Constitutional Authority and Single Subject Statements for H.R. 814,HOUSE
CREC-2023-02-02,2023-02-02,CREC-2023-02-02-pt1-PgH683-3,Constitutional Authority and Single Subject Statements for H.R. 813,HOUSE
CREC-2023-02-02,2023-02-02,CREC-2023-02-02-pt1-PgH683-20,ADDITIONAL SPONSORS,HOUSE
CREC-2023-02-02,2023-02-02,CREC-2023-02-02-pt1-PgH683-2,Constitutional Authority and Single Subject Statements for H.R. 812,HOUSE
CREC-2023-02-02,2023-02-02,CREC-2023-02-02-pt1-PgH683-19,Constitutional Authority and Single Subject Statements for H.J. Res. 27,HOUSE
CREC-2023-02-02,2023-02-02,CREC-2023-02-02-pt1-PgH683-18,Constitutional Authority and Single Subject Statements for H.J. Res. 26,HOUSE
CREC-2023-02-02,2023-02-02,CREC-2023-02-02-pt1-PgH683-17,Constitutional Authority and Single Subject Statements for H.R. 827,HOUSE
CREC-2023-02-02,2023-02-02,CREC-2023-02-02-pt1-PgH683-16,Constitutional Authority and Single Subject Statements for H.R. 826,HOUSE
CREC-2023-02-02,2023-02-02,CREC-2023-02-02-pt1-PgH683-15,Constitutional Authority and Single Subject Statements for H.R. 825,HOUSE
CREC-2023-02-02,2023-02-02,CREC-2023-02-02-pt1-PgH683-14,Constitutional Authority and Single Subject Statements for H.R. 824,HOUSE
CREC-2023-02-02,2023-02-02,CREC-2023-02-02-pt1-PgH683-13,Constitutional Authority and Single Subject Statements for H.R. 823,HOUSE
CREC-2023-02-02,2023-02-02,CREC-2023-02-02-pt1-PgH683-12,Constitutional Authority and Single Subject Statements for H.R. 822,HOUSE
CREC-2023-02-02,2023-02-02,CREC-2023-02-02-pt1-PgH683-11,Constitutional Authority and Single Subject Statements for H.R. 821,HOUSE
CREC-2023-02-02,2023-02-02,CREC-2023-02-02-pt1-PgH683-10,Constitutional Authority and Single Subject Statements for H.R. 820,HOUSE
CREC-2023-02-02,2023-02-02,CREC-2023-02-02-pt1-PgH683,Constitutional Authority and Single Subject Statements for H.R. 811,HOUSE
CREC-2023-02-02,2023-02-02,CREC-2023-02-02-pt1-PgH682-9,Constitutional Authority and Single Subject Statements for H.R. 796,HOUSE
CREC-2023-02-02,2023-02-02,CREC-2023-02-02-pt1-PgH682-8,Constitutional Authority and Single Subject Statements for H.R. 795,HOUSE
CREC-2023-02-02,2023-02-02,CREC-2023-02-02-pt1-PgH682-7,Constitutional Authority and Single Subject Statements for H.R. 794,HOUSE
CREC-2023-02-02,2023-02-02,CREC-2023-02-02-pt1-PgH682-6,Constitutional Authority and Single Subject Statements for H.R. 793,HOUSE
CREC-2023-02-02,2023-02-02,CREC-2023-02-02-pt1-PgH682-5,Constitutional Authority and Single Subject Statements for H.R. 792,HOUSE
CREC-2023-02-02,2023-02-02,CREC-2023-02-02-pt1-PgH682-4,Constitutional Authority and Single Subject Statements for H.R. 791,HOUSE
CREC-2023-02-02,2023-02-02,CREC-2023-02-02-pt1-PgH682-3,Constitutional Authority and Single Subject Statements for H.R. 790,HOUSE
CREC-2023-02-02,2023-02-02,CREC-2023-02-02-pt1-PgH682-23,Constitutional Authority and Single Subject Statements for H.R. 810,HOUSE
CREC-2023-02-02,2023-02-02,CREC-2023-02-02-pt1-PgH682-22,Constitutional Authority and Single Subject Statements for H.R. 809,HOUSE
CREC-2023-02-02,2023-02-02,CREC-2023-02-02-pt1-PgH682-21,Constitutional Authority and Single Subject Statements for H.R. 808,HOUSE
CREC-2023-02-01,2023-02-01,CREC-2023-02-01-pt1-PgS212-3,ADJOURNMENT UNTIL 10 A.M. TOMORROW,SENATE
CREC-2023-02-01,2023-02-01,CREC-2023-02-01-pt1-PgS212-2,"ORDERS FOR THURSDAY, FEBRUARY 2, 2023",SENATE
CREC-2023-02-01,2023-02-01,CREC-2023-02-01-pt1-PgS212,AUTHORITY FOR COMMITTEES TO MEET,SENATE
CREC-2023-02-01,2023-02-01,CREC-2023-02-01-pt1-PgS211,SENATE CONCURRENT RESOLUTION 3--AFFIRMING THE IMPORTANCE OF RELIGIOUS FREEDOM AS A FUNDAMENTAL HUMAN RIGHT THAT IS ESSENTIAL TO A FREE SOCIETY AND PROTECTED FOR ALL PEOPLE OF THE UNITED STATES...,SENATE
CREC-2023-02-01,2023-02-01,CREC-2023-02-01-pt1-PgS210-3,"SENATE RESOLUTION 24--SUPPORTING THE OBSERVATION OF ``NATIONAL GIRLS & WOMEN IN SPORTS DAY'' ON FEBRUARY 1, 2023, TO RAISE AWARENESS OF AND CELEBRATE THE ACHIEVEMENTS OF GIRLS AND WOMEN IN SPORTS",SENATE
CREC-2023-02-01,2023-02-01,CREC-2023-02-01-pt1-PgS210-2,SENATE RESOLUTION 23--DEMANDING THAT THE GOVERNMENT OF THE PEOPLE'S REPUBLIC OF CHINA AND THE COMMUNIST PARTY OF CHINA IMMEDIATELY RELEASE MARK SWIDAN,SENATE
CREC-2023-02-01,2023-02-01,CREC-2023-02-01-pt1-PgS210,SENATE RESOLUTION 22--CONGRATULATING THE SOUTH DAKOTA STATE UNIVERSITY JACKRABBITS ON WINNING THE 2023 NATIONAL COLLEGIATE ATHLETIC ASSOCIATION DIVISION I FOOTBALL CHAMPIONSHIP SUBDIVISION TITLE,SENATE
CREC-2023-02-01,2023-02-01,CREC-2023-02-01-pt1-PgS208,SUBMITTED RESOLUTIONS,SENATE
CREC-2023-02-01,2023-02-01,CREC-2023-02-01-pt1-PgS207,Introductory Statement on S. 220,SENATE
CREC-2023-02-01,2023-02-01,CREC-2023-02-01-pt1-PgS206,Introductory Statement on S. 205,SENATE
CREC-2023-02-01,2023-02-01,CREC-2023-02-01-pt1-PgS205-3,Introductory Statement on S. 204,SENATE
CREC-2023-02-01,2023-02-01,CREC-2023-02-01-pt1-PgS205-2,Introductory Statement on S. 203,SENATE
CREC-2023-02-01,2023-02-01,CREC-2023-02-01-pt1-PgS205,STATEMENTS ON INTRODUCED BILLS AND JOINT RESOLUTIONS,SENATE
CREC-2023-02-01,2023-02-01,CREC-2023-02-01-pt1-PgS204-2,ADDITIONAL COSPONSORS,SENATE
CREC-2023-02-01,2023-02-01,CREC-2023-02-01-pt1-PgS204,SUBMISSION OF CONCURRENT AND SENATE RESOLUTIONS,SENATE
CREC-2023-02-01,2023-02-01,CREC-2023-02-01-pt1-PgS203,INTRODUCTION OF BILLS AND JOINT RESOLUTIONS,SENATE
CREC-2023-02-01,2023-02-01,CREC-2023-02-01-pt1-PgS199-5,EXECUTIVE AND OTHER COMMUNICATIONS,SENATE
CREC-2023-02-01,2023-02-01,CREC-2023-02-01-pt1-PgS199-4,MEASURES READ THE FIRST TIME,SENATE
CREC-2023-02-01,2023-02-01,CREC-2023-02-01-pt1-PgS199-3,MEASURES PLACED ON THE CALENDAR,SENATE
CREC-2023-02-01,2023-02-01,CREC-2023-02-01-pt1-PgS199-2,MEASURES REFERRED,SENATE
CREC-2023-02-01,2023-02-01,CREC-2023-02-01-pt1-PgS199,MESSAGE FROM THE HOUSE,SENATE
CREC-2023-02-01,2023-02-01,CREC-2023-02-01-pt1-PgS195,VERMONT STATE OF THE UNION ESSAY CONTEST FINALISTS,SENATE
CREC-2023-02-01,2023-02-01,CREC-2023-02-01-pt1-PgS194-3,VERMONT STATE OF THE UNION ESSAY WINNERS,SENATE
CREC-2023-02-01,2023-02-01,CREC-2023-02-01-pt1-PgS194-2,VERMONT STATE OF THE UNION ESSAY CONTEST JUDGES,SENATE
CREC-2023-02-01,2023-02-01,CREC-2023-02-01-pt1-PgS194,REMEMBERING QUINCY RAMON NELSON-SWEATT,SENATE
CREC-2023-02-01,2023-02-01,CREC-2023-02-01-pt1-PgS193-4,ADDITIONAL STATEMENTS,SENATE
CREC-2023-02-01,2023-02-01,CREC-2023-02-01-pt1-PgS193-3,TRIBUTE TO LON PRIBBLE,SENATE
CREC-2023-02-01,2023-02-01,CREC-2023-02-01-pt1-PgS193-2,MORNING BUSINESS,SENATE
CREC-2023-02-01,2023-02-01,CREC-2023-02-01-pt1-PgS193,MEASURES READ THE FIRST TIME--S. 214 AND S. 219,SENATE
CREC-2023-02-01,2023-02-01,CREC-2023-02-01-pt1-PgS192-4,CONGRATULATING THE SOUTH DAKOTA STATE UNIVERSITY JACKRABBITS ON WINNING THE 2023 NATIONAL COLLEGIATE ATHLETIC ASSOCIATION DIVISION I FOOTBALL CHAMPIONSHIP SUBDIVISION TITLE,SENATE
CREC-2023-02-01,2023-02-01,CREC-2023-02-01-pt1-PgS192-3,NATIONAL SCHOOL CHOICE WEEK,SENATE
CREC-2023-02-01,2023-02-01,CREC-2023-02-01-pt1-PgS192-2,AMENDING THE CONTROLLED SUBSTANCES ACT TO FIX A TECHNICAL ERROR IN THE DEFINITIONS,SENATE
CREC-2023-02-01,2023-02-01,CREC-2023-02-01-pt1-PgS192,CHINA,SENATE
CREC-2023-02-01,2023-02-01,CREC-2023-02-01-pt1-PgS189,DEBT CEILING,SENATE
CREC-2023-02-01,2023-02-01,CREC-2023-02-01-pt1-PgS188-2,AFFORDABLE CARE ACT,SENATE
CREC-2023-02-01,2023-02-01,CREC-2023-02-01-pt1-PgS188,MORNING BUSINESS,SENATE
CREC-2023-02-01,2023-02-01,CREC-2023-02-01-pt1-PgS186-2,SUPPORTING THE OBSERVATION OF NATIONAL TRAFFICKING AND MODERN SLAVERY PREVENTION MONTH--Continued,SENATE
CREC-2023-02-01,2023-02-01,CREC-2023-02-01-pt1-PgS186,RECESS,SENATE
CREC-2023-02-01,2023-02-01,CREC-2023-02-01-pt1-PgS185,DEBT CEILING,SENATE
CREC-2023-02-01,2023-02-01,CREC-2023-02-01-pt1-PgS184-2,POLICE REFORM,SENATE
CREC-2023-02-01,2023-02-01,CREC-2023-02-01-pt1-PgS184,LEGISLATIVE SESSION,SENATE
CREC-2023-02-01,2023-02-01,CREC-2023-02-01-pt1-PgS183,CRYPTOCURRENCY,SENATE
CREC-2023-02-01,2023-02-01,CREC-2023-02-01-pt1-PgS182,EDUCATION,SENATE
CREC-2023-02-01,2023-02-01,CREC-2023-02-01-pt1-PgS181-2,BURMA,SENATE
CREC-2023-02-01,2023-02-01,CREC-2023-02-01-pt1-PgS181,STUDENT LOANS,SENATE
CREC-2023-02-01,2023-02-01,CREC-2023-02-01-pt1-PgS180-5,DEBT LIMIT,SENATE
CREC-2023-02-01,2023-02-01,CREC-2023-02-01-pt1-PgS180-4,RECOGNITION OF THE MINORITY LEADER,SENATE
CREC-2023-02-01,2023-02-01,CREC-2023-02-01-pt1-PgS180-3,GATEWAY PROJECT,SENATE
CREC-2023-02-01,2023-02-01,CREC-2023-02-01-pt1-PgS180-2,ELECTIONS,SENATE
CREC-2023-02-01,2023-02-01,CREC-2023-02-01-pt1-PgS180,EQUAL RIGHTS AMENDMENT,SENATE
CREC-2023-02-01,2023-02-01,CREC-2023-02-01-pt1-PgS179-9,DEBT CEILING,SENATE
CREC-2023-02-01,2023-02-01,CREC-2023-02-01-pt1-PgS179-8,MEASURE PLACED ON THE CALENDAR--S. 184,SENATE
CREC-2023-02-01,2023-02-01,CREC-2023-02-01-pt1-PgS179-7,RECOGNITION OF THE MAJORITY LEADER,SENATE
CREC-2023-02-01,2023-02-01,CREC-2023-02-01-pt1-PgS179-6,MORNING BUSINESS,SENATE
CREC-2023-02-01,2023-02-01,CREC-2023-02-01-pt1-PgS179-5,RESERVATION OF LEADER TIME,SENATE
CREC-2023-02-01,2023-02-01,CREC-2023-02-01-pt1-PgS179-4,APPOINTMENT OF ACTING PRESIDENT PRO TEMPORE,SENATE
CREC-2023-02-01,2023-02-01,CREC-2023-02-01-pt1-PgS179-3,PLEDGE OF ALLEGIANCE,SENATE
CREC-2023-02-01,2023-02-01,CREC-2023-02-01-pt1-PgS179-2,PRAYER,SENATE
CREC-2023-02-01,2023-02-01,CREC-2023-02-01-pt1-PgS179,Senate,SENATE
CREC-2023-02-01,2023-02-01,CREC-2023-02-01-pt1-PgS-FrontMatter,CONGRESSIONAL RECORD,SENATE
CREC-2023-02-01,2023-02-01,CREC-2023-02-01-pt1-PgH631,DELETIONS OF SPONSORS FROM PUBLIC BILLS AND RESOLUTIONS,HOUSE
CREC-2023-02-01,2023-02-01,CREC-2023-02-01-pt1-PgH630-9,Constitutional Authority and Single Subject Statements for H.R. 727,HOUSE
CREC-2023-02-01,2023-02-01,CREC-2023-02-01-pt1-PgH630-8,Constitutional Authority and Single Subject Statements for H.R. 726,HOUSE
CREC-2023-02-01,2023-02-01,CREC-2023-02-01-pt1-PgH630-7,Constitutional Authority and Single Subject Statements for H.R. 725,HOUSE
CREC-2023-02-01,2023-02-01,CREC-2023-02-01-pt1-PgH630-6,Constitutional Authority and Single Subject Statements for H.R. 724,HOUSE
CREC-2023-02-01,2023-02-01,CREC-2023-02-01-pt1-PgH630-5,Constitutional Authority and Single Subject Statements for H.R. 723,HOUSE
CREC-2023-02-01,2023-02-01,CREC-2023-02-01-pt1-PgH630-4,Constitutional Authority and Single Subject Statements for H.R. 722,HOUSE
CREC-2023-02-01,2023-02-01,CREC-2023-02-01-pt1-PgH630-3,Constitutional Authority and Single Subject Statements for H.R. 721,HOUSE
CREC-2023-02-01,2023-02-01,CREC-2023-02-01-pt1-PgH630-23,ADDITIONAL SPONSORS,HOUSE
CREC-2023-02-01,2023-02-01,CREC-2023-02-01-pt1-PgH630-22,Constitutional Authority and Single Subject Statements for H.R. 740,HOUSE
CREC-2023-02-01,2023-02-01,CREC-2023-02-01-pt1-PgH630-21,Constitutional Authority and Single Subject Statements for H.R. 739,HOUSE
CREC-2023-02-01,2023-02-01,CREC-2023-02-01-pt1-PgH630-20,Constitutional Authority and Single Subject Statements for H.R. 738,HOUSE
CREC-2023-02-01,2023-02-01,CREC-2023-02-01-pt1-PgH630-2,Constitutional Authority and Single Subject Statements for H.R. 720,HOUSE
CREC-2023-02-01,2023-02-01,CREC-2023-02-01-pt1-PgH630-19,Constitutional Authority and Single Subject Statements for H.R. 737,HOUSE
CREC-2023-02-01,2023-02-01,CREC-2023-02-01-pt1-PgH630-18,Constitutional Authority and Single Subject Statements for H.R. 736,HOUSE
CREC-2023-02-01,2023-02-01,CREC-2023-02-01-pt1-PgH630-17,Constitutional Authority and Single Subject Statements for H.R. 735,HOUSE
CREC-2023-02-01,2023-02-01,CREC-2023-02-01-pt1-PgH630-16,Constitutional Authority and Single Subject Statements for H.R. 734,HOUSE
CREC-2023-02-01,2023-02-01,CREC-2023-02-01-pt1-PgH630-15,Constitutional Authority and Single Subject Statements for H.R. 733,HOUSE
CREC-2023-02-01,2023-02-01,CREC-2023-02-01-pt1-PgH630-14,Constitutional Authority and Single Subject Statements for H.R. 732,HOUSE
CREC-2023-02-01,2023-02-01,CREC-2023-02-01-pt1-PgH630-13,Constitutional Authority and Single Subject Statements for H.R. 731,HOUSE
CREC-2023-02-01,2023-02-01,CREC-2023-02-01-pt1-PgH630-12,Constitutional Authority and Single Subject Statements for H.R. 730,HOUSE
CREC-2023-02-01,2023-02-01,CREC-2023-02-01-pt1-PgH630-11,Constitutional Authority and Single Subject Statements for H.R. 729,HOUSE
CREC-2023-02-01,2023-02-01,CREC-2023-02-01-pt1-PgH630-10,Constitutional Authority and Single Subject Statements for H.R. 728,HOUSE
CREC-2023-02-01,2023-02-01,CREC-2023-02-01-pt1-PgH630,Constitutional Authority and Single Subject Statements for H.R. 719,HOUSE
CREC-2023-02-01,2023-02-01,CREC-2023-02-01-pt1-PgH629-9,Constitutional Authority and Single Subject Statements for H.R. 700,HOUSE
CREC-2023-02-01,2023-02-01,CREC-2023-02-01-pt1-PgH629-8,Constitutional Authority and Single Subject Statements for H.R. 699,HOUSE
CREC-2023-02-01,2023-02-01,CREC-2023-02-01-pt1-PgH629-7,Constitutional Authority and Single Subject Statements for H.R. 698,HOUSE
CREC-2023-02-01,2023-02-01,CREC-2023-02-01-pt1-PgH629-6,Constitutional Authority and Single Subject Statements for H.R. 697,HOUSE
CREC-2023-02-01,2023-02-01,CREC-2023-02-01-pt1-PgH629-5,Constitutional Authority and Single Subject Statements for H.R. 696,HOUSE
CREC-2023-02-01,2023-02-01,CREC-2023-02-01-pt1-PgH629-4,Constitutional Authority and Single Subject Statements for H.R. 695,HOUSE
CREC-2023-02-01,2023-02-01,CREC-2023-02-01-pt1-PgH629-3,Constitutional Authority and Single Subject Statements for H.R. 694,HOUSE
CREC-2023-02-01,2023-02-01,CREC-2023-02-01-pt1-PgH629-27,Constitutional Authority and Single Subject Statements for H.R. 718,HOUSE
CREC-2023-02-01,2023-02-01,CREC-2023-02-01-pt1-PgH629-26,Constitutional Authority and Single Subject Statements for H.R. 717,HOUSE
CREC-2023-02-01,2023-02-01,CREC-2023-02-01-pt1-PgH629-25,Constitutional Authority and Single Subject Statements for H.R. 716,HOUSE
CREC-2023-02-01,2023-02-01,CREC-2023-02-01-pt1-PgH629-24,Constitutional Authority and Single Subject Statements for H.R. 715,HOUSE
CREC-2023-02-01,2023-02-01,CREC-2023-02-01-pt1-PgH629-23,Constitutional Authority and Single Subject Statements for H.R. 714,HOUSE
CREC-2023-02-01,2023-02-01,CREC-2023-02-01-pt1-PgH629-22,Constitutional Authority and Single Subject Statements for H.R. 713,HOUSE
CREC-2023-02-01,2023-02-01,CREC-2023-02-01-pt1-PgH629-21,Constitutional Authority and Single Subject Statements for H.R. 712,HOUSE
CREC-2023-02-01,2023-02-01,CREC-2023-02-01-pt1-PgH629-20,Constitutional Authority and Single Subject Statements for H.R. 711,HOUSE
CREC-2023-02-01,2023-02-01,CREC-2023-02-01-pt1-PgH629-2,Constitutional Authority and Single Subject Statements,HOUSE
CREC-2023-01-03-v169,2023-01-03,CREC-2023-01-03-pt1-PgS9-2,REMEMBERING MIKE MANSFIELD,SENATE
CREC-2023-01-03-v169,2023-01-03,CREC-2023-01-03-pt1-PgS9,RECOGNITION OF THE MINORITY LEADER,SENATE
CREC-2023-01-03-v169,2023-01-03,CREC-2023-01-03-pt1-PgS8-3,118TH CONGRESS,SENATE
CREC-2023-01-03-v169,2023-01-03,CREC-2023-01-03-pt1-PgS8-2,TRIBUTE TO DAMAR HAMLIN,SENATE
CREC-2023-01-03-v169,2023-01-03,CREC-2023-01-03-pt1-PgS8,ADMINISTRATION OF OATH OF OFFICE,SENATE
CREC-2023-01-03-v169,2023-01-03,CREC-2023-01-03-pt1-PgS7-6,UNANIMOUS CONSENT AGREEMENTS,SENATE
CREC-2023-01-03-v169,2023-01-03,CREC-2023-01-03-pt1-PgS7-5,TO MAKE EFFECTIVE THE APPOINTMENT OF DEPUTY SENATE LEGAL COUNSEL,SENATE
CREC-2023-01-03-v169,2023-01-03,CREC-2023-01-03-pt1-PgS7-4,TO MAKE EFFECTIVE APPOINTMENT OF SENATE LEGAL COUNSEL,SENATE
CREC-2023-01-03-v169,2023-01-03,CREC-2023-01-03-pt1-PgS7-3,"RESOLUTION OVER, UNDER THE RULE--S. RES. 7",SENATE
CREC-2023-01-03-v169,2023-01-03,CREC-2023-01-03-pt1-PgS7-2,FIXING THE HOUR OF DAILY MEETING OF THE SENATE,SENATE
CREC-2023-01-03-v169,2023-01-03,CREC-2023-01-03-pt1-PgS7,NOTIFYING THE HOUSE OF REPRESENTATIVES OF THE ELECTION OF A PRESIDENT PRO TEMPORE,SENATE
CREC-2023-01-03-v169,2023-01-03,CREC-2023-01-03-pt1-PgS6-6,NOTIFYING THE PRESIDENT OF THE UNITED STATES OF THE ELECTION OF A PRESIDENT PRO TEMPORE,SENATE
CREC-2023-01-03-v169,2023-01-03,CREC-2023-01-03-pt1-PgS6-5,"ELECTING PATTY MURRAY, A SENATOR FROM THE STATE OF WASHINGTON, TO BE PRESIDENT PRO TEMPORE OF THE SENATE OF THE UNITED STATES",SENATE
CREC-2023-01-03-v169,2023-01-03,CREC-2023-01-03-pt1-PgS6-4,INFORMING THE HOUSE OF REPRESENTATIVES THAT A QUORUM OF THE SENATE IS ASSEMBLED,SENATE
CREC-2023-01-03-v169,2023-01-03,CREC-2023-01-03-pt1-PgS6-3,ESTABLISHING A COMMITTEE TO INFORM THE PRESIDENT OF THE UNITED STATES THAT A QUORUM OF EACH HOUSE IS ASSEMBLED,SENATE
CREC-2023-01-03-v169,2023-01-03,CREC-2023-01-03-pt1-PgS6-2,MORNING BUSINESS,SENATE
CREC-2023-01-03-v169,2023-01-03,CREC-2023-01-03-pt1-PgS6,RESERVATION OF LEADER TIME,SENATE
CREC-2023-01-03-v169,2023-01-03,CREC-2023-01-03-pt1-PgS5-3,LIST OF SENATORS BY STATES,SENATE
CREC-2023-01-03-v169,2023-01-03,CREC-2023-01-03-pt1-PgS5-2,QUORUM CALL,SENATE
CREC-2023-01-03-v169,2023-01-03,CREC-2023-01-03-pt1-PgS5,RECOGNITION OF THE MAJORITY LEADER,SENATE
CREC-2023-01-03-v169,2023-01-03,CREC-2023-01-03-pt1-PgS4,ADMINISTRATION OF OATH OF OFFICE,SENATE
CREC-2023-01-03-v169,2023-01-03,CREC-2023-01-03-pt1-PgS26,NOMINATIONS RETURNED TO THE PRESIDENT,SENATE
CREC-2023-01-03-v169,2023-01-03,CREC-2023-01-03-pt1-PgS25-4,NOMINATIONS,SENATE
CREC-2023-01-03-v169,2023-01-03,CREC-2023-01-03-pt1-PgS25-3,"RECESS UNTIL FRIDAY, JANUARY 6, 2023, AT 1:05 P.M.",SENATE
CREC-2023-01-03-v169,2023-01-03,CREC-2023-01-03-pt1-PgS25-2,"ORDERS FOR FRIDAY, JANUARY 6, 2023, THROUGH MONDAY, JANUARY 23, 2023",SENATE
CREC-2023-01-03-v169,2023-01-03,CREC-2023-01-03-pt1-PgS25,SENATE RESOLUTION 9--TO MAKE EFFECTIVE APPOINTMENT OF DEPUTY SENATE LEGAL COUNSEL,SENATE
CREC-2023-01-03-v169,2023-01-03,CREC-2023-01-03-pt1-PgS24-9,SENATE RESOLUTION 8--TO MAKE EFFECTIVE APPOINTMENT OF SENATE LEGAL COUNSEL,SENATE
CREC-2023-01-03-v169,2023-01-03,CREC-2023-01-03-pt1-PgS24-8,SENATE RESOLUTION 7--FIXING THE HOUR OF DAILY MEETING OF THE SENATE,SENATE
CREC-2023-01-03-v169,2023-01-03,CREC-2023-01-03-pt1-PgS24-7,SENATE RESOLUTION 6--FIXING THE HOUR OF DAILY MEETING OF THE SENATE,SENATE
CREC-2023-01-03-v169,2023-01-03,CREC-2023-01-03-pt1-PgS24-6,SENATE RESOLUTION 5--NOTIFYING THE HOUSE OF REPRESENTATIVES OF THE ELECTION OF A PRESIDENT PRO TEMPORE,SENATE
CREC-2023-01-03-v169,2023-01-03,CREC-2023-01-03-pt1-PgS24-5,SENATE RESOLUTION 4--NOTIFYING THE PRESIDENT OF THE UNITED STATES OF THE ELECTION OF A PRESIDENT PRO TEMPORE,SENATE
CREC-2023-01-03-v169,2023-01-03,CREC-2023-01-03-pt1-PgS24-4,"SENATE RESOLUTION 3--TO ELECT PATTY MURRAY, A SENATOR FROM THE STATE OF WASHINGTON, TO BE PRESIDENT PRO TEMPORE OF THE SENATE OF THE UNITED STATES",SENATE
CREC-2023-01-03-v169,2023-01-03,CREC-2023-01-03-pt1-PgS24-3,SENATE RESOLUTION 2--INFORMING THE HOUSE OF REPRESENTATIVES THAT A QUORUM OF THE SENATE IS ASSEMBLED,SENATE
CREC-2023-01-03-v169,2023-01-03,CREC-2023-01-03-pt1-PgS24-2,SUBMITTED RESOLUTIONS,SENATE
CREC-2023-01-03-v169,2023-01-03,CREC-2023-01-03-pt1-PgS24,SUBMISSION OF CONCURRENT AND SENATE RESOLUTIONS,SENATE
CREC-2023-01-03-v169,2023-01-03,CREC-2023-01-03-pt1-PgS23-2,"ENROLLED BILLS PRESENTED, 117TH CONGRESS",SENATE
CREC-2023-01-03-v169,2023-01-03,CREC-2023-01-03-pt1-PgS23,MEASURES HELD OVER/UNDER RULE,SENATE
CREC-2023-01-03-v169,2023-01-03,CREC-2023-01-03-pt1-PgS22-4,"MESSAGES FROM THE HOUSE RECEIVED DURING ADJOURNMENT, 117TH CONGRESS",SENATE
CREC-2023-01-03-v169,2023-01-03,CREC-2023-01-03-pt1-PgS22-3,EXECUTIVE MESSAGES REFERRED,SENATE
CREC-2023-01-03-v169,2023-01-03,CREC-2023-01-03-pt1-PgS22-2,MESSAGES FROM THE PRESIDENT,SENATE
CREC-2023-01-03-v169,2023-01-03,CREC-2023-01-03-pt1-PgS22,CHANGE IN PARTY IDENTIFICATION,SENATE
CREC-2023-01-03-v169,2023-01-03,CREC-2023-01-03-pt1-PgS21-2,MORNING BUSINESS,SENATE
CREC-2023-01-03-v169,2023-01-03,CREC-2023-01-03-pt1-PgS21,UNANIMOUS CONSENT AGREEMENT--EXECUTIVE CALENDAR,SENATE
CREC-2023-01-03-v169,2023-01-03,CREC-2023-01-03-pt1-PgS19,REMEMBERING VIRGINIA ``JINKS'' ROGERS HOLTON,SENATE
CREC-2023-01-03-v169,2023-01-03,CREC-2023-01-03-pt1-PgS18-2,TRIBUTE TO MARCY KAPTUR,SENATE
CREC-2023-01-03-v169,2023-01-03,CREC-2023-01-03-pt1-PgS18,118TH CONGRESS,SENATE
CREC-2023-01-03-v169,2023-01-03,CREC-2023-01-03-pt1-PgS17-2,TRIBUTE TO BEN SASSE,SENATE
CREC-2023-01-03-v169,2023-01-03,CREC-2023-01-03-pt1-PgS17,TRIBUTE TO BEN SASSE,SENATE
CREC-2023-01-03-v169,2023-01-03,CREC-2023-01-03-pt1-PgS13-2,FAREWELL TO THE SENATE,SENATE
CREC-2023-01-03-v169,2023-01-03,CREC-2023-01-03-pt1-PgS13,TRIBUTE TO BEN SASSE,SENATE
CREC-2023-01-03-v169,2023-01-03,CREC-2023-01-03-pt1-PgS12,TRIBUTE TO MITCH McCONNELL,SENATE
CREC-2023-01-03-v169,2023-01-03,CREC-2023-01-03-pt1-PgS11,118TH CONGRESS,SENATE
CREC-2023-01-03-v169,2023-01-03,CREC-2023-01-03-pt1-PgS1-4,CERTIFICATES OF ELECTION,SENATE
CREC-2023-01-03-v169,2023-01-03,CREC-2023-01-03-pt1-PgS1-3,PLEDGE OF ALLEGIANCE,SENATE
CREC-2023-01-03-v169,2023-01-03,CREC-2023-01-03-pt1-PgS1-2,PRAYER,SENATE
CREC-2023-01-03-v169,2023-01-03,CREC-2023-01-03-pt1-PgS1,Senate,SENATE
CREC-2023-01-03-v169,2023-01-03,CREC-2023-01-03-pt1-PgS-FrontMatter,CONGRESSIONAL RECORD,SENATE
CREC-2023-01-03-v169,2023-01-03,CREC-2023-01-03-pt1-PgH8,ADJOURNMENT,HOUSE
CREC-2023-01-03-v169,2023-01-03,CREC-2023-01-03-pt1-PgH2-3,ELECTION OF SPEAKER,HOUSE
CREC-2023-01-03-v169,2023-01-03,CREC-2023-01-03-pt1-PgH2-2,ANNOUNCEMENT BY THE CLERK,HOUSE
CREC-2023-01-03-v169,2023-01-03,CREC-2023-01-03-pt1-PgH2,ANNOUNCEMENT BY THE CLERK,HOUSE
CREC-2023-01-03-v169,2023-01-03,CREC-2023-01-03-pt1-PgH1,House of Representatives,HOUSE
CREC-2023-01-03-v169,2023-01-03,CREC-2023-01-03-pt1-PgH-FrontMatter-3,CONGRESSIONAL RECORD,HOUSE
CREC-2023-01-03-v169,2023-01-03,CREC-2023-01-03-pt1-PgD11-3,Daily Digest/Next Meeting of the SENATE + Next Meeting of the HOUSE OF REPRESENTATIVES + Other End Matter,DAILYDIGEST
CREC-2023-01-03-v169,2023-01-03,CREC-2023-01-03-pt1-PgD11-2,Daily Digest/COMMITTEE MEETINGS FOR 2023-01-04,DAILYDIGEST
CREC-2023-01-03-v169,2023-01-03,CREC-2023-01-03-pt1-PgD11,Daily Digest/House Committee Meetings,DAILYDIGEST
CREC-2023-01-03-v169,2023-01-03,CREC-2023-01-03-pt1-PgD10-2,Daily Digest/House of Representatives,DAILYDIGEST
CREC-2023-01-03-v169,2023-01-03,CREC-2023-01-03-pt1-PgD10,Daily Digest/Senate Committee Meetings,DAILYDIGEST
CREC-2023-01-03-v169,2023-01-03,CREC-2023-01-03-pt1-PgD1,Daily Digest/Highlights + Senate,DAILYDIGEST
CREC-2023-01-31,2023-01-31,CREC-2023-01-31-pt1-PgS177-4,NOMINATIONS,SENATE
CREC-2023-01-31,2023-01-31,CREC-2023-01-31-pt1-PgS177-3,ADJOURNMENT UNTIL 10 A.M. TOMORROW,SENATE
CREC-2023-01-31,2023-01-31,CREC-2023-01-31-pt1-PgS177-2,"ORDERS FOR WEDNESDAY, FEBRUARY 1, 2023",SENATE
CREC-2023-01-31,2023-01-31,CREC-2023-01-31-pt1-PgS177,AUTHORITY FOR COMMITTEES TO MEET,SENATE
CREC-2023-01-31,2023-01-31,CREC-2023-01-31-pt1-PgS175,SUBMITTED RESOLUTIONS,SENATE
CREC-2023-01-31,2023-01-31,CREC-2023-01-31-pt1-PgS174-2,Introductory Statement on S. 188,SENATE
CREC-2023-01-31,2023-01-31,CREC-2023-01-31-pt1-PgS174,Introductory Statement on S. 174,SENATE
CREC-2023-01-31,2023-01-31,CREC-2023-01-31-pt1-PgS173-4,Introductory Statement on S. 158,SENATE
CREC-2023-01-31,2023-01-31,CREC-2023-01-31-pt1-PgS173-3,STATEMENTS ON INTRODUCED BILLS AND JOINT RESOLUTIONS,SENATE
CREC-2023-01-31,2023-01-31,CREC-2023-01-31-pt1-PgS173-2,ADDITIONAL COSPONSORS,SENATE
CREC-2023-01-31,2023-01-31,CREC-2023-01-31-pt1-PgS173,SUBMISSION OF CONCURRENT AND SENATE RESOLUTIONS,SENATE
CREC-2023-01-31,2023-01-31,CREC-2023-01-31-pt1-PgS171-2,INTRODUCTION OF BILLS AND JOINT RESOLUTIONS,SENATE
CREC-2023-01-31,2023-01-31,CREC-2023-01-31-pt1-PgS171,PETITIONS AND MEMORIALS,SENATE
CREC-2023-01-31,2023-01-31,CREC-2023-01-31-pt1-PgS166-7,EXECUTIVE AND OTHER COMMUNICATIONS,SENATE
CREC-2023-01-31,2023-01-31,CREC-2023-01-31-pt1-PgS166-6,MEASURES READ THE FIRST TIME,SENATE
CREC-2023-01-31,2023-01-31,CREC-2023-01-31-pt1-PgS166-5,MEASURES REFERRED,SENATE
CREC-2023-01-31,2023-01-31,CREC-2023-01-31-pt1-PgS166-4,MESSAGE FROM THE HOUSE,SENATE
CREC-2023-01-31,2023-01-31,CREC-2023-01-31-pt1-PgS166-3,EXECUTIVE MESSAGES REFERRED,SENATE
CREC-2023-01-31,2023-01-31,CREC-2023-01-31-pt1-PgS166-2,MESSAGES FROM THE PRESIDENT,SENATE
CREC-2023-01-31,2023-01-31,CREC-2023-01-31-pt1-PgS166,TRIBUTE TO BRAD GIOIA,SENATE
CREC-2023-01-31,2023-01-31,CREC-2023-01-31-pt1-PgS165-3,ADDITIONAL STATEMENTS,SENATE
CREC-2023-01-31,2023-01-31,CREC-2023-01-31-pt1-PgS165-2,ANNUAL REPORT OF THE SELECT COMMITTEE ON ETHICS,SENATE
CREC-2023-01-31,2023-01-31,CREC-2023-01-31-pt1-PgS165,NORWAY,SENATE
CREC-2023-01-31,2023-01-31,CREC-2023-01-31-pt1-PgS164-4,MORNING BUSINESS,SENATE
CREC-2023-01-31,2023-01-31,CREC-2023-01-31-pt1-PgS164-3,APPOINTMENT OF SENATOR LANKFORD TO READ WASHINGTON'S FAREWELL ADDRESS,SENATE
CREC-2023-01-31,2023-01-31,CREC-2023-01-31-pt1-PgS164-2,UNANIMOUS CONSENT AGREEMENT--READING OF WASHINGTON'S FAREWELL ADDRESS,SENATE
CREC-2023-01-31,2023-01-31,CREC-2023-01-31-pt1-PgS164,MEASURE READ THE FIRST TIME--S. 184,SENATE
CREC-2023-01-31,2023-01-31,CREC-2023-01-31-pt1-PgS162,ENERGY POLICY,SENATE
CREC-2023-01-31,2023-01-31,CREC-2023-01-31-pt1-PgS161-2,INFLATION,SENATE
CREC-2023-01-31,2023-01-31,CREC-2023-01-31-pt1-PgS161,RECESS,SENATE
CREC-2023-01-31,2023-01-31,CREC-2023-01-31-pt1-PgS159-3,BIG GOVERNMENT,SENATE
CREC-2023-01-31,2023-01-31,CREC-2023-01-31-pt1-PgS159-2,TRIBUTE TO THE SAINT JAMES ACADEMY TROJANS AND JIMMY PERRY,SENATE
CREC-2023-01-31,2023-01-31,CREC-2023-01-31-pt1-PgS159,NATO,SENATE
CREC-2023-01-31,2023-01-31,CREC-2023-01-31-pt1-PgS157-2,DEBT CEILING,SENATE
CREC-2023-01-31,2023-01-31,CREC-2023-01-31-pt1-PgS157,BRISTOL BAY,SENATE
CREC-2023-01-31,2023-01-31,CREC-2023-01-31-pt1-PgS155,IMMIGRATION,SENATE
CREC-2023-01-31,2023-01-31,CREC-2023-01-31-pt1-PgS154,IMMIGRATION,SENATE
CREC-2023-01-31,2023-01-31,CREC-2023-01-31-pt1-PgS153-8,JUDICIAL NOMINATIONS,SENATE
CREC-2023-01-31,2023-01-31,CREC-2023-01-31-pt1-PgS153-7,RECOGNITION OF THE MINORITY LEADER,SENATE
CREC-2023-01-31,2023-01-31,CREC-2023-01-31-pt1-PgS153-6,MORNING BUSINESS,SENATE
CREC-2023-01-31,2023-01-31,CREC-2023-01-31-pt1-PgS153-5,RESERVATION OF LEADER TIME,SENATE
CREC-2023-01-31,2023-01-31,CREC-2023-01-31-pt1-PgS153-4,APPOINTMENT OF ACTING PRESIDENT PRO TEMPORE,SENATE
CREC-2023-01-31,2023-01-31,CREC-2023-01-31-pt1-PgS153-3,PLEDGE OF ALLEGIANCE,SENATE
CREC-2023-01-31,2023-01-31,CREC-2023-01-31-pt1-PgS153-2,PRAYER,SENATE
CREC-2023-01-31,2023-01-31,CREC-2023-01-31-pt1-PgS153,Senate,SENATE
CREC-2023-01-31,2023-01-31,CREC-2023-01-31-pt1-PgS-FrontMatter-6,CONGRESSIONAL RECORD,SENATE
CREC-2023-01-31,2023-01-31,CREC-2023-01-31-pt1-PgH579-6,"CONGRESSIONAL EARMARKS, LIMITED TAX BENEFITS, OR LIMITED TARIFF BENEFITS",HOUSE
CREC-2023-01-31,2023-01-31,CREC-2023-01-31-pt1-PgH579-5,ADDITIONAL SPONSORS,HOUSE
CREC-2023-01-31,2023-01-31,CREC-2023-01-31-pt1-PgH579-4,Constitutional Authority and Single Subject Statements for H.J. Res. 25,HOUSE
CREC-2023-01-31,2023-01-31,CREC-2023-01-31-pt1-PgH579-3,Constitutional Authority and Single Subject Statements for H.J. Res. 24,HOUSE
CREC-2023-01-31,2023-01-31,CREC-2023-01-31-pt1-PgH579-2,Constitutional Authority and Single Subject Statements for H.J. Res. 23,HOUSE
CREC-2023-01-31,2023-01-31,CREC-2023-01-31-pt1-PgH579,Constitutional Authority and Single Subject Statements for H.R. 693,HOUSE
CREC-2023-01-31,2023-01-31,CREC-2023-01-31-pt1-PgH578-9,Constitutional Authority and Single Subject Statements for H.R. 674,HOUSE
CREC-2023-01-31,2023-01-31,CREC-2023-01-31-pt1-PgH578-8,Constitutional Authority and Single Subject Statements for H.R. 673,HOUSE
CREC-2023-01-31,2023-01-31,CREC-2023-01-31-pt1-PgH578-7,Constitutional Authority and Single Subject Statements for H.R. 672,HOUSE
CREC-2023-01-31,2023-01-31,CREC-2023-01-31-pt1-PgH578-6,Constitutional Authority and Single Subject Statements for H.R. 671,HOUSE
CREC-2023-01-31,2023-01-31,CREC-2023-01-31-pt1-PgH578-5,Constitutional Authority and Single Subject Statements for H.R. 670,HOUSE
CREC-2023-01-31,2023-01-31,CREC-2023-01-31-pt1-PgH578-4,Constitutional Authority and Single Subject Statements for H.R. 669,HOUSE
CREC-2023-01-31,2023-01-31,CREC-2023-01-31-pt1-PgH578-3,Constitutional Authority and Single Subject Statements for H.R. 668,HOUSE
CREC-2023-01-31,2023-01-31,CREC-2023-01-31-pt1-PgH578-27,Constitutional Authority and Single Subject Statements for H.R. 692,HOUSE
CREC-2023-01-31,2023-01-31,CREC-2023-01-31-pt1-PgH578-26,Constitutional Authority and Single Subject Statements for H.R. 691,HOUSE
CREC-2023-01-31,2023-01-31,CREC-2023-01-31-pt1-PgH578-25,Constitutional Authority and Single Subject Statements for H.R. 690,HOUSE
CREC-2023-01-31,2023-01-31,CREC-2023-01-31-pt1-PgH578-24,Constitutional Authority and Single Subject Statements for H.R. 689,HOUSE
CREC-2023-01-31,2023-01-31,CREC-2023-01-31-pt1-PgH578-23,Constitutional Authority and Single Subject Statements for H.R. 688,HOUSE
CREC-2023-01-31,2023-01-31,CREC-2023-01-31-pt1-PgH578-22,Constitutional Authority and Single Subject Statements for H.R. 687,HOUSE
CREC-2023-01-31,2023-01-31,CREC-2023-01-31-pt1-PgH578-21,Constitutional Authority and Single Subject Statements for H.R. 686,HOUSE
CREC-2023-01-31,2023-01-31,CREC-2023-01-31-pt1-PgH578-20,Constitutional Authority and Single Subject Statements for H.R. 685,HOUSE
CREC-2023-01-31,2023-01-31,CREC-2023-01-31-pt1-PgH578-2,Constitutional Authority and Single Subject Statements for H.R. 667,HOUSE
CREC-2023-01-31,2023-01-31,CREC-2023-01-31-pt1-PgH578-19,Constitutional Authority and Single Subject Statements for H.R. 684,HOUSE
CREC-2023-01-31,2023-01-31,CREC-2023-01-31-pt1-PgH578-18,Constitutional Authority and Single Subject Statements for H.R. 683,HOUSE
CREC-2023-01-31,2023-01-31,CREC-2023-01-31-pt1-PgH578-17,Constitutional Authority and Single Subject Statements for H.R. 682,HOUSE
CREC-2023-01-31,2023-01-31,CREC-2023-01-31-pt1-PgH578-16,Constitutional Authority and Single Subject Statements for H.R. 681,HOUSE
CREC-2023-01-31,2023-01-31,CREC-2023-01-31-pt1-PgH578-15,Constitutional Authority and Single Subject Statements for H.R. 680,HOUSE
CREC-2023-01-31,2023-01-31,CREC-2023-01-31-pt1-PgH578-14,Constitutional Authority and Single Subject Statements for H.R. 679,HOUSE
CREC-2023-01-31,2023-01-31,CREC-2023-01-31-pt1-PgH578-13,Constitutional Authority and Single Subject Statements for H.R. 678,HOUSE
CREC-2023-01-31,2023-01-31,CREC-2023-01-31-pt1-PgH578-12,Constitutional Authority and Single Subject Statements for H.R. 677,HOUSE
CREC-2023-01-31,2023-01-31,CREC-2023-01-31-pt1-PgH578-11,Constitutional Authority and Single Subject Statements for H.R. 676,HOUSE
CREC-2023-01-31,2023-01-31,CREC-2023-01-31-pt1-PgH578-10,Constitutional Authority and Single Subject Statements for H.R. 675,HOUSE
CREC-2023-01-31,2023-01-31,CREC-2023-01-31-pt1-PgH578,Constitutional Authority and Single Subject Statements for H.R. 666,HOUSE
CREC-2023-01-31,2023-01-31,CREC-2023-01-31-pt1-PgH577-9,Constitutional Authority and Single Subject Statements for H.R. 649,HOUSE
CREC-2023-01-31,2023-01-31,CREC-2023-01-31-pt1-PgH577-8,Constitutional Authority and Single Subject Statements for H.R. 648,HOUSE
CREC-2023-01-31,2023-01-31,CREC-2023-01-31-pt1-PgH577-7,Constitutional Authority and Single Subject Statements for H.R. 647,HOUSE
CREC-2023-01-31,2023-01-31,CREC-2023-01-31-pt1-PgH577-6,Constitutional Authority and Single Subject Statements for H.R. 646,HOUSE
CREC-2023-01-31,2023-01-31,CREC-2023-01-31-pt1-PgH577-5,Constitutional Authority and Single Subject Statements for H.R. 645,HOUSE
CREC-2023-01-31,2023-01-31,CREC-2023-01-31-pt1-PgH577-4,Constitutional Authority and Single Subject Statements for H.R. 644,HOUSE
CREC-2023-01-31,2023-01-31,CREC-2023-01-31-pt1-PgH577-3,Constitutional Authority and Single Subject Statements for H.R. 643,HOUSE
CREC-2023-01-31,2023-01-31,CREC-2023-01-31-pt1-PgH577-24,Constitutional Authority and Single Subject Statements for H.R. 664,HOUSE
CREC-2023-01-31,2023-01-31,CREC-2023-01-31-pt1-PgH577-23,Constitutional Authority and Single Subject Statements for H.R. 663,HOUSE
CREC-2023-01-31,2023-01-31,CREC-2023-01-31-pt1-PgH577-22,Constitutional Authority and Single Subject Statements for H.R. 662,HOUSE
CREC-2023-01-31,2023-01-31,CREC-2023-01-31-pt1-PgH577-21,Constitutional Authority and Single Subject Statements for H.R. 661,HOUSE
CREC-2023-01-31,2023-01-31,CREC-2023-01-31-pt1-PgH577-20,Constitutional Authority and Single Subject Statements for H.R. 660,HOUSE
CREC-2023-01-31,2023-01-31,CREC-2023-01-31-pt1-PgH577-2,Constitutional Authority and Single Subject Statements for H.R. 642,HOUSE
CREC-2023-01-31,2023-01-31,CREC-2023-01-31-pt1-PgH577-19,Constitutional Authority and Single Subject Statements for H.R. 659,HOUSE
CREC-2023-01-31,2023-01-31,CREC-2023-01-31-pt1-PgH577-18,Constitutional Authority and Single Subject Statements for H.R. 658,HOUSE
CREC-2023-01-31,2023-01-31,CREC-2023-01-31-pt1-PgH577-17,Constitutional Authority and Single Subject Statements for H.R. 657,HOUSE
CREC-2023-01-31,2023-01-31,CREC-2023-01-31-pt1-PgH577-16,Constitutional Authority and Single Subject Statements for H.R. 656,HOUSE
CREC-2023-01-31,2023-01-31,CREC-2023-01-31-pt1-PgH577-15,Constitutional Authority and Single Subject Statements for H.R. 655,HOUSE
CREC-2023-01-31,2023-01-31,CREC-2023-01-31-pt1-PgH577-14,Constitutional Authority and Single Subject Statements for H.R. 654,HOUSE
CREC-2023-01-31,2023-01-31,CREC-2023-01-31-pt1-PgH577-13,Constitutional Authority and Single Subject Statements for H.R. 653,HOUSE
CREC-2023-01-31,2023-01-31,CREC-2023-01-31-pt1-PgH577-12,Constitutional Authority and Single Subject Statements for H.R. 652,HOUSE
CREC-2023-01-26,2023-01-26,CREC-2023-01-26-pt1-PgS129-2,NOMINATIONS,SENATE
CREC-2023-01-26,2023-01-26,CREC-2023-01-26-pt1-PgS129,"ADJOURNMENT UNTIL MONDAY, JANUARY 30, 2023, AT 3 P.M.",SENATE
CREC-2023-01-26,2023-01-26,CREC-2023-01-26-pt1-PgS128-4,TRIBUTE TO SENATE PAGES,SENATE
CREC-2023-01-26,2023-01-26,CREC-2023-01-26-pt1-PgS128-3,"ORDERS FOR MONDAY, JANUARY 30, 2023",SENATE
CREC-2023-01-26,2023-01-26,CREC-2023-01-26-pt1-PgS128-2,MEASURE READ THE FIRST TIME--S. 123,SENATE
CREC-2023-01-26,2023-01-26,CREC-2023-01-26-pt1-PgS128,SUPPORTING THE CONTRIBUTIONS OF CATHOLIC SCHOOLS IN THE UNITED STATES,SENATE
CREC-2023-01-26,2023-01-26,CREC-2023-01-26-pt1-PgS127,CONGRATULATING THE UNIVERSITY OF GEORGIA BULLDOGS FOOTBALL TEAM FOR WINNING THE 2023 NATIONAL COLLEGIATE ATHLETIC ASSOCIATION COLLEGE FOOTBALL NATIONAL CHAMPIONSHIP,SENATE
CREC-2023-01-26,2023-01-26,CREC-2023-01-26-pt1-PgS126-3,UKRAINE,SENATE
CREC-2023-01-26,2023-01-26,CREC-2023-01-26-pt1-PgS126-2,PRIVILEGES OF THE FLOOR,SENATE
CREC-2023-01-26,2023-01-26,CREC-2023-01-26-pt1-PgS126,AUTHORITY FOR COMMITTEES TO MEET,SENATE
CREC-2023-01-26,2023-01-26,CREC-2023-01-26-pt1-PgS125,"SENATE CONCURRENT RESOLUTION 2--COMMENDING THE BRAVERY, COURAGE, AND RESOLVE OF THE WOMEN AND MEN OF IRAN DEMONSTRATING IN MORE THAN 133 CITIES AND RISKING THEIR SAFETY TO SPEAK OUT AGAINST THE...",SENATE
CREC-2023-01-26,2023-01-26,CREC-2023-01-26-pt1-PgS124-3,SENATE RESOLUTION 18--AMENDING THE STANDING RULES OF THE SENATE TO PROHIBIT THE CONSIDERATION OF LEGISLATION IN THE SENATE UNLESS THE TEXT OF THE LEGISLATION THAT WILL BE CONSIDERED HAS BEEN MADE...,SENATE
CREC-2023-01-26,2023-01-26,CREC-2023-01-26-pt1-PgS124-2,SENATE RESOLUTION 17--SUPPORTING THE CONTRIBUTIONS OF CATHOLIC SCHOOLS IN THE UNITED STATES,SENATE
CREC-2023-01-26,2023-01-26,CREC-2023-01-26-pt1-PgS124,SENATE RESOLUTION 16--CONGRATULATING THE UNIVERSITY OF GEORGIA BULLDOGS FOOTBALL TEAM FOR WINNING THE 2023 NATIONAL COLLEGIATE ATHLETIC ASSOCIATION COLLEGE FOOTBALL NATIONAL CHAMPIONSHIP,SENATE
CREC-2023-01-26,2023-01-26,CREC-2023-01-26-pt1-PgS123-2,SUBMITTED RESOLUTIONS,SENATE
CREC-2023-01-26,2023-01-26,CREC-2023-01-26-pt1-PgS123,Introductory Statement on S. 126,SENATE
CREC-2023-01-26,2023-01-26,CREC-2023-01-26-pt1-PgS122-3,Introductory Statement on S. 121,SENATE
CREC-2023-01-26,2023-01-26,CREC-2023-01-26-pt1-PgS122-2,Introductory Statement on S. 114,SENATE
CREC-2023-01-26,2023-01-26,CREC-2023-01-26-pt1-PgS122,STATEMENTS ON INTRODUCED BILLS AND JOINT RESOLUTIONS,SENATE
CREC-2023-01-26,2023-01-26,CREC-2023-01-26-pt1-PgS121-2,ADDITIONAL COSPONSORS,SENATE
CREC-2023-01-26,2023-01-26,CREC-2023-01-26-pt1-PgS121,SUBMISSION OF CONCURRENT AND SENATE RESOLUTIONS,SENATE
CREC-2023-01-26,2023-01-26,CREC-2023-01-26-pt1-PgS120,INTRODUCTION OF BILLS AND JOINT RESOLUTIONS,SENATE
CREC-2023-01-26,2023-01-26,CREC-2023-01-26-pt1-PgS119-3,EXECUTIVE AND OTHER COMMUNICATIONS,SENATE
CREC-2023-01-26,2023-01-26,CREC-2023-01-26-pt1-PgS119-2,PRIVILEGED NOMINATIONS REFERRED TO COMMITTEE,SENATE
CREC-2023-01-26,2023-01-26,CREC-2023-01-26-pt1-PgS119,MEASURES READ THE FIRST TIME,SENATE
CREC-2023-01-26,2023-01-26,CREC-2023-01-26-pt1-PgS118-7,MEASURES PLACED ON THE CALENDAR,SENATE
CREC-2023-01-26,2023-01-26,CREC-2023-01-26-pt1-PgS118-6,MEASURES REFERRED,SENATE
CREC-2023-01-26,2023-01-26,CREC-2023-01-26-pt1-PgS118-5,MESSAGE FROM THE HOUSE,SENATE
CREC-2023-01-26,2023-01-26,CREC-2023-01-26-pt1-PgS118-4,EXECUTIVE MESSAGES REFERRED,SENATE
CREC-2023-01-26,2023-01-26,CREC-2023-01-26-pt1-PgS118-3,MESSAGES FROM THE PRESIDENT,SENATE
CREC-2023-01-26,2023-01-26,CREC-2023-01-26-pt1-PgS118-2,TRIBUTE TO KAYLEE RICHARD AND SAMANTHA GRENIER,SENATE
CREC-2023-01-26,2023-01-26,CREC-2023-01-26-pt1-PgS118,ADDITIONAL STATEMENTS,SENATE
CREC-2023-01-26,2023-01-26,CREC-2023-01-26-pt1-PgS117-2,CHILE,SENATE
CREC-2023-01-26,2023-01-26,CREC-2023-01-26-pt1-PgS117,ARGENTINA,SENATE
CREC-2023-01-26,2023-01-26,CREC-2023-01-26-pt1-PgS116-3,"REMEMBERING LARRY ROGERS, SR.",SENATE
CREC-2023-01-26,2023-01-26,CREC-2023-01-26-pt1-PgS116-2,REMEMBERING KIMBERLY ANN CONRAD NARANJO,SENATE
CREC-2023-01-26,2023-01-26,CREC-2023-01-26-pt1-PgS116,MORNING BUSINESS,SENATE
CREC-2023-01-26,2023-01-26,CREC-2023-01-26-pt1-PgS115-2,NATIONAL STALKING AWARENESS MONTH--Continued,SENATE
CREC-2023-01-26,2023-01-26,CREC-2023-01-26-pt1-PgS115,RECESS SUBJECT TO THE CALL OF THE CHAIR,SENATE
CREC-2023-01-26,2023-01-26,CREC-2023-01-26-pt1-PgS108-3,LEGISLATIVE SESSION,SENATE
CREC-2023-01-26,2023-01-26,CREC-2023-01-26-pt1-PgS108-2,CONCLUSION OF MORNING BUSINESS,SENATE
CREC-2023-01-26,2023-01-26,CREC-2023-01-26-pt1-PgS108,RESERVATION OF LEADER TIME,SENATE
CREC-2023-01-26,2023-01-26,CREC-2023-01-26-pt1-PgS107-4,GUANTANAMO BAY,SENATE
CREC-2023-01-26,2023-01-26,CREC-2023-01-26-pt1-PgS107-3,DEMOCRATIC LEGISLATION,SENATE
CREC-2023-01-26,2023-01-26,CREC-2023-01-26-pt1-PgS107-2,RECOGNITION OF THE MINORITY LEADER,SENATE
CREC-2023-01-26,2023-01-26,CREC-2023-01-26-pt1-PgS107,GUNS,SENATE
CREC-2023-01-26,2023-01-26,CREC-2023-01-26-pt1-PgS106-4,DEBT CEILING,SENATE
CREC-2023-01-26,2023-01-26,CREC-2023-01-26-pt1-PgS106-3,"MEASURES PLACED ON THE CALENDAR EN BLOC--S. 81, S. 82, H.R. 300",SENATE
CREC-2023-01-26,2023-01-26,CREC-2023-01-26-pt1-PgS106-2,RECOGNITION OF THE MAJORITY LEADER,SENATE
CREC-2023-01-26,2023-01-26,CREC-2023-01-26-pt1-PgS106,WELCOMING THE GUEST CHAPLAIN,SENATE
CREC-2023-01-26,2023-01-26,CREC-2023-01-26-pt1-PgS105-5,WELCOMING THE GUEST CHAPLAIN,SENATE
CREC-2023-01-26,2023-01-26,CREC-2023-01-26-pt1-PgS105-4,APPOINTMENT OF ACTING PRESIDENT PRO TEMPORE,SENATE
CREC-2023-01-26,2023-01-26,CREC-2023-01-26-pt1-PgS105-3,PLEDGE OF ALLEGIANCE,SENATE
CREC-2023-01-26,2023-01-26,CREC-2023-01-26-pt1-PgS105-2,PRAYER,SENATE
CREC-2023-01-26,2023-01-26,CREC-2023-01-26-pt1-PgS105,Senate,SENATE
CREC-2023-01-26,2023-01-26,CREC-2023-01-26-pt1-PgS-FrontMatter-25,CONGRESSIONAL RECORD,SENATE
CREC-2023-01-26,2023-01-26,CREC-2023-01-26-pt1-PgH430-9,Constitutional Authority and Single Subject Statements for H.R. 573,HOUSE
CREC-2023-01-26,2023-01-26,CREC-2023-01-26-pt1-PgH430-8,Constitutional Authority and Single Subject Statements for H.R. 572,HOUSE
CREC-2023-01-26,2023-01-26,CREC-2023-01-26-pt1-PgH430-7,Constitutional Authority and Single Subject Statements for H.R. 571,HOUSE
CREC-2023-01-26,2023-01-26,CREC-2023-01-26-pt1-PgH430-6,Constitutional Authority and Single Subject Statements for H.R. 570,HOUSE
CREC-2023-01-26,2023-01-26,CREC-2023-01-26-pt1-PgH430-5,Constitutional Authority and Single Subject Statements for H.R. 569,HOUSE
CREC-2023-01-26,2023-01-26,CREC-2023-01-26-pt1-PgH430-4,Constitutional Authority and Single Subject Statements for H.R. 568,HOUSE
CREC-2023-01-26,2023-01-26,CREC-2023-01-26-pt1-PgH430-3,Constitutional Authority and Single Subject Statements for H.R. 567,HOUSE
CREC-2023-01-26,2023-01-26,CREC-2023-01-26-pt1-PgH430-25,ADDITIONAL SPONSORS,HOUSE
CREC-2023-01-26,2023-01-26,CREC-2023-01-26-pt1-PgH430-24,Constitutional Authority and Single Subject Statements for H.J. Res. 22,HOUSE
CREC-2023-01-26,2023-01-26,CREC-2023-01-26-pt1-PgH430-23,Constitutional Authority and Single Subject Statements for H.R. 587,HOUSE
CREC-2023-01-26,2023-01-26,CREC-2023-01-26-pt1-PgH430-22,Constitutional Authority and Single Subject Statements for H.R. 586,HOUSE
CREC-2023-01-26,2023-01-26,CREC-2023-01-26-pt1-PgH430-21,Constitutional Authority and Single Subject Statements for H.R. 585,HOUSE
CREC-2023-01-26,2023-01-26,CREC-2023-01-26-pt1-PgH430-20,Constitutional Authority and Single Subject Statements for H.R. 584,HOUSE
CREC-2023-01-26,2023-01-26,CREC-2023-01-26-pt1-PgH430-2,Constitutional Authority and Single Subject Statements for H.R. 566,HOUSE
CREC-2023-01-26,2023-01-26,CREC-2023-01-26-pt1-PgH430-19,Constitutional Authority and Single Subject Statements for H.R. 583,HOUSE
CREC-2023-01-26,2023-01-26,CREC-2023-01-26-pt1-PgH430-18,Constitutional Authority and Single Subject Statements for H.R. 582,HOUSE
CREC-2023-01-26,2023-01-26,CREC-2023-01-26-pt1-PgH430-17,Constitutional Authority and Single Subject Statements for H.R. 581,HOUSE
CREC-2023-01-26,2023-01-26,CREC-2023-01-26-pt1-PgH430-16,Constitutional Authority and Single Subject Statements for H.R. 580,HOUSE
CREC-2023-01-26,2023-01-26,CREC-2023-01-26-pt1-PgH430-15,Constitutional Authority and Single Subject Statements for H.R. 579,HOUSE
CREC-2023-01-26,2023-01-26,CREC-2023-01-26-pt1-PgH430-14,Constitutional Authority and Single Subject Statements for H.R. 578,HOUSE
CREC-2023-01-26,2023-01-26,CREC-2023-01-26-pt1-PgH430-13,Constitutional Authority and Single Subject Statements for H.R. 577,HOUSE
CREC-2023-01-26,2023-01-26,CREC-2023-01-26-pt1-PgH430-12,Constitutional Authority and Single Subject Statements for H.R. 576,HOUSE
CREC-2023-01-26,2023-01-26,CREC-2023-01-26-pt1-PgH430-11,Constitutional Authority and Single Subject Statements for H.R. 575,HOUSE
CREC-2023-01-26,2023-01-26,CREC-2023-01-26-pt1-PgH430-10,Constitutional Authority and Single Subject Statements for H.R. 574,HOUSE
CREC-2023-01-26,2023-01-26,CREC-2023-01-26-pt1-PgH430,Constitutional Authority and Single Subject Statements for H.R. 565,HOUSE
CREC-2023-01-26,2023-01-26,CREC-2023-01-26-pt1-PgH429-9,Constitutional Authority and Single Subject Statements for H.R. 543,HOUSE
CREC-2023-01-26,2023-01-26,CREC-2023-01-26-pt1-PgH429-8,Constitutional Authority and Single Subject Statements for H.R. 542,HOUSE
CREC-2023-01-26,2023-01-26,CREC-2023-01-26-pt1-PgH429-7,Constitutional Authority and Single Subject Statements for H.R. 541,HOUSE
CREC-2023-01-26,2023-01-26,CREC-2023-01-26-pt1-PgH429-6,Constitutional Authority and Single Subject Statements for H.R. 540,HOUSE
CREC-2023-01-26,2023-01-26,CREC-2023-01-26-pt1-PgH429-5,Constitutional Authority and Single Subject Statements for H.R. 539,HOUSE
CREC-2023-01-26,2023-01-26,CREC-2023-01-26-pt1-PgH429-4,Constitutional Authority and Single Subject Statements for H.R. 538,HOUSE
CREC-2023-01-26,2023-01-26,CREC-2023-01-26-pt1-PgH429-30,Constitutional Authority and Single Subject Statements for H.R. 564,HOUSE
CREC-2023-01-26,2023-01-26,CREC-2023-01-26-pt1-PgH429-3,Constitutional Authority and Single Subject Statements for H.R. 537,HOUSE
CREC-2023-01-26,2023-01-26,CREC-2023-01-26-pt1-PgH429-29,Constitutional Authority and Single Subject Statements for H.R. 563,HOUSE
CREC-2023-01-26,2023-01-26,CREC-2023-01-26-pt1-PgH429-28,Constitutional Authority and Single Subject Statements for H.R. 562,HOUSE
CREC-2023-01-26,2023-01-26,CREC-2023-01-26-pt1-PgH429-27,Constitutional Authority and Single Subject Statements for H.R. 561,HOUSE
CREC-2023-01-26,2023-01-26,CREC-2023-01-26-pt1-PgH429-26,Constitutional Authority and Single Subject Statements for H.R. 560,HOUSE
CREC-2023-01-26,2023-01-26,CREC-2023-01-26-pt1-PgH429-25,Constitutional Authority and Single Subject Statements for H.R. 559,HOUSE
CREC-2023-01-26,2023-01-26,CREC-2023-01-26-pt1-PgH429-24,Constitutional Authority and Single Subject Statements for H.R. 558,HOUSE
CREC-2023-01-26,2023-01-26,CREC-2023-01-26-pt1-PgH429-23,Constitutional Authority and Single Subject Statements for H.R. 557,HOUSE
CREC-2023-01-26,2023-01-26,CREC-2023-01-26-pt1-PgH429-22,Constitutional Authority and Single Subject Statements for H.R. 556,HOUSE
CREC-2023-01-26,2023-01-26,CREC-2023-01-26-pt1-PgH429-21,Constitutional Authority and Single Subject Statements for H.R. 555,HOUSE
CREC-2023-01-26,2023-01-26,CREC-2023-01-26-pt1-PgH429-20,Constitutional Authority and Single Subject Statements for H.R. 554,HOUSE
CREC-2023-01-26,2023-01-26,CREC-2023-01-26-pt1-PgH429-2,Constitutional Authority and Single Subject Statements for H.R. 536,HOUSE
CREC-2022-10-11,2022-10-11,CREC-2022-10-11-pt1-PgS6615-6,WITHDRAWAL,SENATE
CREC-2022-10-11,2022-10-11,CREC-2022-10-11-pt1-PgS6615-5,NOMINATIONS,SENATE
CREC-2022-10-11,2022-10-11,CREC-2022-10-11-pt1-PgS6615-4,"ADJOURNMENT UNTIL FRIDAY, OCTOBER 14, 2022, AT 11:30 A.M.",SENATE
CREC-2022-10-11,2022-10-11,CREC-2022-10-11-pt1-PgS6615-3,UNANIMOUS CONSENT AGREEMENT,SENATE
CREC-2022-10-11,2022-10-11,CREC-2022-10-11-pt1-PgS6615-2,APPOINTMENT,SENATE
CREC-2022-10-11,2022-10-11,CREC-2022-10-11-pt1-PgS6615,MEASURE PLACED ON THE CALENDAR--H.R. 2758,SENATE
CREC-2022-10-11,2022-10-11,CREC-2022-10-11-pt1-PgS6614-2,RESOLUTIONS SUBMITTED TODAY,SENATE
CREC-2022-10-11,2022-10-11,CREC-2022-10-11-pt1-PgS6614,Text of Senate Amendment 6476,SENATE
CREC-2022-10-11,2022-10-11,CREC-2022-10-11-pt1-PgS6613-5,Text of Senate Amendment 6475,SENATE
CREC-2022-10-11,2022-10-11,CREC-2022-10-11-pt1-PgS6613-4,Text of Senate Amendment 6474,SENATE
CREC-2022-10-11,2022-10-11,CREC-2022-10-11-pt1-PgS6613-3,Text of Senate Amendment 6473,SENATE
CREC-2022-10-11,2022-10-11,CREC-2022-10-11-pt1-PgS6613-2,Text of Senate Amendment 6472,SENATE
CREC-2022-10-11,2022-10-11,CREC-2022-10-11-pt1-PgS6613,Text of Senate Amendment 6471,SENATE
CREC-2022-10-11,2022-10-11,CREC-2022-10-11-pt1-PgS6612-2,Text of Senate Amendment 6470,SENATE
CREC-2022-10-11,2022-10-11,CREC-2022-10-11-pt1-PgS6612,Text of Senate Amendment 6469,SENATE
CREC-2022-10-11,2022-10-11,CREC-2022-10-11-pt1-PgS6611,Text of Senate Amendment 6468,SENATE
CREC-2022-10-11,2022-10-11,CREC-2022-10-11-pt1-PgS6610,Text of Senate Amendment 6467,SENATE
CREC-2022-10-11,2022-10-11,CREC-2022-10-11-pt1-PgS6585-2,Text of Senate Amendment 6466,SENATE
CREC-2022-10-11,2022-10-11,CREC-2022-10-11-pt1-PgS6585,Text of Senate Amendment 6465,SENATE
CREC-2022-10-11,2022-10-11,CREC-2022-10-11-pt1-PgS6567,Text of Senate Amendment 6464,SENATE
CREC-2022-10-11,2022-10-11,CREC-2022-10-11-pt1-PgS6566-2,Text of Senate Amendment 6463,SENATE
CREC-2022-10-11,2022-10-11,CREC-2022-10-11-pt1-PgS6566,Text of Senate Amendment 6462,SENATE
CREC-2022-10-11,2022-10-11,CREC-2022-10-11-pt1-PgS6565,Text of Senate Amendment 6461,SENATE
CREC-2022-10-11,2022-10-11,CREC-2022-10-11-pt1-PgS6564-2,Text of Senate Amendment 6460,SENATE
CREC-2022-10-11,2022-10-11,CREC-2022-10-11-pt1-PgS6564,Text of Senate Amendment 6459,SENATE
CREC-2022-10-11,2022-10-11,CREC-2022-10-11-pt1-PgS6563-3,Text of Senate Amendment 6458,SENATE
CREC-2022-10-11,2022-10-11,CREC-2022-10-11-pt1-PgS6563-2,Text of Senate Amendment 6457,SENATE
CREC-2022-10-11,2022-10-11,CREC-2022-10-11-pt1-PgS6563,Text of Senate Amendment 6456,SENATE
CREC-2022-10-11,2022-10-11,CREC-2022-10-11-pt1-PgS6561,Text of Senate Amendment 6455,SENATE
CREC-2022-10-11,2022-10-11,CREC-2022-10-11-pt1-PgS6559,Text of Senate Amendment 6454,SENATE
CREC-2022-10-11,2022-10-11,CREC-2022-10-11-pt1-PgS6556-2,Text of Senate Amendment 6453,SENATE
CREC-2022-10-11,2022-10-11,CREC-2022-10-11-pt1-PgS6556,Text of Senate Amendment 6452,SENATE
CREC-2022-10-11,2022-10-11,CREC-2022-10-11-pt1-PgS6554,Text of Senate Amendment 6451,SENATE
CREC-2022-10-11,2022-10-11,CREC-2022-10-11-pt1-PgS6553-3,Text of Senate Amendment 6450,SENATE
CREC-2022-10-11,2022-10-11,CREC-2022-10-11-pt1-PgS6553-2,Text of Senate Amendment 6449,SENATE
CREC-2022-10-11,2022-10-11,CREC-2022-10-11-pt1-PgS6553,Text of Senate Amendment 6448,SENATE
CREC-2022-10-11,2022-10-11,CREC-2022-10-11-pt1-PgS6546-2,Text of Senate Amendment 6447,SENATE
CREC-2022-10-11,2022-10-11,CREC-2022-10-11-pt1-PgS6546,Text of Senate Amendment 6446,SENATE
CREC-2022-10-11,2022-10-11,CREC-2022-10-11-pt1-PgS6526,Text of Senate Amendment 6445,SENATE
CREC-2022-10-11,2022-10-11,CREC-2022-10-11-pt1-PgS6516,Text of Senate Amendment 6444,SENATE
CREC-2022-10-11,2022-10-11,CREC-2022-10-11-pt1-PgS6475-4,Text of Senate Amendment 6443,SENATE
CREC-2022-10-11,2022-10-11,CREC-2022-10-11-pt1-PgS6475-3,Text of Senate Amendment 6442,SENATE
CREC-2022-10-11,2022-10-11,CREC-2022-10-11-pt1-PgS6475-2,TEXT OF AMENDMENTS,SENATE
CREC-2022-10-11,2022-10-11,CREC-2022-10-11-pt1-PgS6475,AMENDMENTS SUBMITTED AND PROPOSED,SENATE
CREC-2022-10-11,2022-10-11,CREC-2022-10-11-pt1-PgS6474-2,SENATE RESOLUTION 829--COMMEMORATING THE 75TH ANNIVERSARY OF THE MARINE CORPS RESERVE TOYS FOR TOTS PROGRAM AND CELEBRATING THE LONG HISTORY OF THE COMMITMENT OF THE MARINE CORPS RESERVE AND THE...,SENATE
CREC-2022-10-11,2022-10-11,CREC-2022-10-11-pt1-PgS6474,"SENATE RESOLUTION 828--RECOGNIZING THE END OF THE COVID-19 PANDEMIC FOR FEDERAL EMPLOYEES, SERVICEMEMBERS, AND CONTRACTORS",SENATE
CREC-2022-10-11,2022-10-11,CREC-2022-10-11-pt1-PgS6473-2,SENATE RESOLUTION 827--SUPPORTING THE GOALS AND IDEALS OF NATIONAL DOMESTIC VIOLENCE AWARENESS MONTH,SENATE
CREC-2022-10-11,2022-10-11,CREC-2022-10-11-pt1-PgS6473,"SENATE RESOLUTION 826--DESIGNATING OCTOBER 26, 2022, AS THE ``DAY OF THE DEPLOYED''",SENATE
CREC-2022-10-11,2022-10-11,CREC-2022-10-11-pt1-PgS6472-4,SENATE RESOLUTION 825--RECOGNIZING THE MONTH OF OCTOBER 2022 AS FILIPINO AMERICAN HISTORY MONTH AND CELEBRATING THE HISTORY AND CULTURE OF FILIPINO AMERICANS AND THEIR IMMENSE CONTRIBUTIONS TO THE...,SENATE
CREC-2022-10-11,2022-10-11,CREC-2022-10-11-pt1-PgS6472-3,SENATE RESOLUTION 824--TO AUTHORIZE TESTIMONY AND REPRESENTATION IN UNITED STATES V. STEELE-SMITH,SENATE
CREC-2022-10-11,2022-10-11,CREC-2022-10-11-pt1-PgS6472-2,SENATE RESOLUTION 823--TO AUTHORIZE TESTIMONY AND REPRESENTATION IN UNITED STATES V. GROSECLOSE,SENATE
CREC-2022-10-11,2022-10-11,CREC-2022-10-11-pt1-PgS6472,SUBMITTED RESOLUTIONS,SENATE
CREC-2022-10-11,2022-10-11,CREC-2022-10-11-pt1-PgS6471-2,Introductory Statement on S. 5070,SENATE
CREC-2022-10-11,2022-10-11,CREC-2022-10-11-pt1-PgS6471,STATEMENTS ON INTRODUCED BILLS AND JOINT RESOLUTIONS,SENATE
CREC-2022-10-11,2022-10-11,CREC-2022-10-11-pt1-PgS6470,ADDITIONAL COSPONSORS,SENATE
CREC-2022-10-11,2022-10-11,CREC-2022-10-11-pt1-PgS6469-6,SUBMISSION OF CONCURRENT AND SENATE RESOLUTIONS,SENATE
CREC-2022-10-11,2022-10-11,CREC-2022-10-11-pt1-PgS6469-5,INTRODUCTION OF BILLS AND JOINT RESOLUTIONS,SENATE
CREC-2022-10-11,2022-10-11,CREC-2022-10-11-pt1-PgS6469-4,ENROLLED BILLS PRESENTED,SENATE
CREC-2022-10-11,2022-10-11,CREC-2022-10-11-pt1-PgS6469-3,MEASURES PLACED ON THE CALENDAR,SENATE
CREC-2022-10-11,2022-10-11,CREC-2022-10-11-pt1-PgS6469-2,MEASURES DISCHARGED,SENATE
CREC-2022-10-11,2022-10-11,CREC-2022-10-11-pt1-PgS6469,MEASURES REFERRED,SENATE
CREC-2022-10-11,2022-10-11,CREC-2022-10-11-pt1-PgS6468,MESSAGE FROM THE HOUSE,SENATE
CREC-2022-10-11,2022-10-11,CREC-2022-10-11-pt1-PgS6467-4,MESSAGE FROM THE HOUSE RECEIVED DURING ADJOURNMENT,SENATE
CREC-2022-10-11,2022-10-11,CREC-2022-10-11-pt1-PgS6467-3,EXECUTIVE MESSAGES REFERRED,SENATE
CREC-2022-10-11,2022-10-11,CREC-2022-10-11-pt1-PgS6467-2,MESSAGES FROM THE PRESIDENT,SENATE
CREC-2022-10-11,2022-10-11,CREC-2022-10-11-pt1-PgS6467,ADDITIONAL STATEMENTS,SENATE
CREC-2022-10-11,2022-10-11,CREC-2022-10-11-pt1-PgS6466-2,NATIONAL DEFENSE AUTHORIZATION ACT,SENATE
CREC-2022-10-11,2022-10-11,CREC-2022-10-11-pt1-PgS6466,MORNING BUSINESS,SENATE
CREC-2022-10-11,2022-10-11,CREC-2022-10-11-pt1-PgS6063-6,LEGISLATIVE SESSION,SENATE
CREC-2022-10-11,2022-10-11,CREC-2022-10-11-pt1-PgS6063-5,CONCLUSION OF MORNING BUSINESS,SENATE
CREC-2022-10-11,2022-10-11,CREC-2022-10-11-pt1-PgS6063-4,RESERVATION OF LEADER TIME,SENATE
CREC-2022-10-11,2022-10-11,CREC-2022-10-11-pt1-PgS6063-3,PLEDGE OF ALLEGIANCE,SENATE
CREC-2022-10-11,2022-10-11,CREC-2022-10-11-pt1-PgS6063-2,PRAYER,SENATE
CREC-2022-10-11,2022-10-11,CREC-2022-10-11-pt1-PgS6063,Senate,SENATE
CREC-2022-10-11,2022-10-11,CREC-2022-10-11-pt1-PgS-FrontMatter,Senate,SENATE
CREC-2022-10-11,2022-10-11,CREC-2022-10-11-pt1-PgH8390-9,Constitutional Authority Statement for H.R. 9168,HOUSE
CREC-2022-10-11,2022-10-11,CREC-2022-10-11-pt1-PgH8390-8,Constitutional Authority Statement for H.R. 9167,HOUSE
CREC-2022-10-11,2022-10-11,CREC-2022-10-11-pt1-PgH8390-7,Constitutional Authority Statement for H.R. 9166,HOUSE
CREC-2022-10-11,2022-10-11,CREC-2022-10-11-pt1-PgH8390-6,Constitutional Authority Statement for H.R. 9165,HOUSE
CREC-2022-10-11,2022-10-11,CREC-2022-10-11-pt1-PgH8390-5,Constitutional Authority Statement for H.R. 9164,HOUSE
CREC-2022-10-11,2022-10-11,CREC-2022-10-11-pt1-PgH8390-4,Constitutional Authority Statement for H.R. 9163,HOUSE
CREC-2022-10-11,2022-10-11,CREC-2022-10-11-pt1-PgH8390-3,Constitutional Authority Statement for H.R. 9151,HOUSE
CREC-2022-10-11,2022-10-11,CREC-2022-10-11-pt1-PgH8390-2,Constitutional Authority Statement,HOUSE
CREC-2022-10-11,2022-10-11,CREC-2022-10-11-pt1-PgH8390-15,ADDITIONAL SPONSORS,HOUSE
CREC-2022-10-11,2022-10-11,CREC-2022-10-11-pt1-PgH8390-14,Constitutional Authority Statement for H.R. 9173,HOUSE
CREC-2022-10-11,2022-10-11,CREC-2022-10-11-pt1-PgH8390-13,Constitutional Authority Statement for H.R. 9172,HOUSE
CREC-2022-10-11,2022-10-11,CREC-2022-10-11-pt1-PgH8390-12,Constitutional Authority Statement for H.R. 9171,HOUSE
CREC-2022-10-11,2022-10-11,CREC-2022-10-11-pt1-PgH8390-11,Constitutional Authority Statement for H.R. 9170,HOUSE
CREC-2022-10-11,2022-10-11,CREC-2022-10-11-pt1-PgH8390-10,Constitutional Authority Statement for H.R. 9169,HOUSE
CREC-2022-10-11,2022-10-11,CREC-2022-10-11-pt1-PgH8390,PUBLIC BILLS AND RESOLUTIONS,HOUSE
CREC-2022-10-11,2022-10-11,CREC-2022-10-11-pt1-PgH8389-8,"EXECUTIVE COMMUNICATIONS, ETC.",HOUSE
CREC-2022-10-11,2022-10-11,CREC-2022-10-11-pt1-PgH8389-7,ADJOURNMENT,HOUSE
CREC-2022-10-11,2022-10-11,CREC-2022-10-11-pt1-PgH8389-6,APPOINTMENT OF MEMBER TO THE BOARD OF TRUSTEES OF THE HARRY S. TRUMAN SCHOLARSHIP FOUNDATION,HOUSE
CREC-2022-10-11,2022-10-11,CREC-2022-10-11-pt1-PgH8389-5,PLEDGE OF ALLEGIANCE,HOUSE
CREC-2022-10-11,2022-10-11,CREC-2022-10-11-pt1-PgH8389-4,THE JOURNAL,HOUSE
CREC-2022-10-11,2022-10-11,CREC-2022-10-11-pt1-PgH8389-3,PRAYER,HOUSE
CREC-2022-10-11,2022-10-11,CREC-2022-10-11-pt1-PgH8389-2,DESIGNATION OF THE SPEAKER PRO TEMPORE,HOUSE
CREC-2022-10-11,2022-10-11,CREC-2022-10-11-pt1-PgH8389,House of Representatives,HOUSE
CREC-2022-10-11,2022-10-11,CREC-2022-10-11-pt1-PgH-FrontMatter,House of Representatives,HOUSE
CREC-2022-10-11,2022-10-11,CREC-2022-10-11-pt1-PgE1039-4,"COST ESTIMATE FOR H.R. 7778, THE DEPARTMENT OF HOMELAND SECURITY SEAL PROTECTION ACT OF 2022",EXTENSIONS
CREC-2023-01-30,2023-01-30,CREC-2023-01-30-pt1-PgS152-2,CONFIRMATION,SENATE
CREC-2023-01-30,2023-01-30,CREC-2023-01-30-pt1-PgS152,ADJOURNMENT UNTIL 10 A.M. TOMORROW,SENATE
CREC-2023-01-30,2023-01-30,CREC-2023-01-30-pt1-PgS151-5,POLICING IN AMERICA,SENATE
CREC-2023-01-30,2023-01-30,CREC-2023-01-30-pt1-PgS151-4,ORDER FOR ADJOURNMENT,SENATE
CREC-2023-01-30,2023-01-30,CREC-2023-01-30-pt1-PgS151-3,"ORDERS FOR TUESDAY, JANUARY 31, 2023",SENATE
CREC-2023-01-30,2023-01-30,CREC-2023-01-30-pt1-PgS151-2,APPOINTMENTS,SENATE
CREC-2023-01-30,2023-01-30,CREC-2023-01-30-pt1-PgS151,SUBMITTED RESOLUTIONS,SENATE
CREC-2023-01-30,2023-01-30,CREC-2023-01-30-pt1-PgS150-2,Introductory Statement on S. 134,SENATE
CREC-2023-01-30,2023-01-30,CREC-2023-01-30-pt1-PgS150,Introductory Statement on S. 133,SENATE
CREC-2023-01-30,2023-01-30,CREC-2023-01-30-pt1-PgS148-3,Introductory Statement on S. 130,SENATE
CREC-2023-01-30,2023-01-30,CREC-2023-01-30-pt1-PgS148-2,Introductory Statement on S. 126,SENATE
CREC-2023-01-30,2023-01-30,CREC-2023-01-30-pt1-PgS148,STATEMENTS ON INTRODUCED BILLS AND JOINT RESOLUTIONS,SENATE
CREC-2023-01-30,2023-01-30,CREC-2023-01-30-pt1-PgS147-2,ADDITIONAL COSPONSORS,SENATE
CREC-2023-01-30,2023-01-30,CREC-2023-01-30-pt1-PgS147,SUBMISSION OF CONCURRENT AND SENATE RESOLUTIONS,SENATE
CREC-2023-01-30,2023-01-30,CREC-2023-01-30-pt1-PgS146,INTRODUCTION OF BILLS AND JOINT RESOLUTIONS,SENATE
CREC-2023-01-30,2023-01-30,CREC-2023-01-30-pt1-PgS145-6,EXECUTIVE AND OTHER COMMUNICATIONS,SENATE
CREC-2023-01-30,2023-01-30,CREC-2023-01-30-pt1-PgS145-5,MEASURES PLACED ON THE CALENDAR,SENATE
CREC-2023-01-30,2023-01-30,CREC-2023-01-30-pt1-PgS145-4,MEASURES REFERRED,SENATE
CREC-2023-01-30,2023-01-30,CREC-2023-01-30-pt1-PgS145-3,MESSAGE FROM THE HOUSE,SENATE
CREC-2023-01-30,2023-01-30,CREC-2023-01-30-pt1-PgS145-2,TRIBUTE TO CODY WOOLSTON AND ERIC GOLDSCHMIDT,SENATE
CREC-2023-01-30,2023-01-30,CREC-2023-01-30-pt1-PgS145,TRIBUTE TO GERALD VANDEWALLE,SENATE
CREC-2023-01-30,2023-01-30,CREC-2023-01-30-pt1-PgS144-3,REMEMBERING QUBILAH JONES,SENATE
CREC-2023-01-30,2023-01-30,CREC-2023-01-30-pt1-PgS144-2,ADDITIONAL STATEMENTS,SENATE
CREC-2023-01-30,2023-01-30,CREC-2023-01-30-pt1-PgS144,TRIBUTE TO AMY BUTTON RENZ,SENATE
CREC-2023-01-30,2023-01-30,CREC-2023-01-30-pt1-PgS143-3,TRIBUTE TO MAYA ASHWAL,SENATE
CREC-2023-01-30,2023-01-30,CREC-2023-01-30-pt1-PgS143-2,"TRIBUTE TO PEARSON RIDDLE, JR.",SENATE
CREC-2023-01-30,2023-01-30,CREC-2023-01-30-pt1-PgS143,RECOGNIZING 100 YEARS OF THE ``FLYING YANKEES'',SENATE
CREC-2023-01-30,2023-01-30,CREC-2023-01-30-pt1-PgS142-4,RECOGNIZING THE STENNIS CENTER FOR PUBLIC SERVICE,SENATE
CREC-2023-01-30,2023-01-30,CREC-2023-01-30-pt1-PgS142-3,HONORING SERGEANT JOHN O'NEAL RUCKER,SENATE
CREC-2023-01-30,2023-01-30,CREC-2023-01-30-pt1-PgS142-2,LEGISLATIVE SESSION,SENATE
CREC-2023-01-30,2023-01-30,CREC-2023-01-30-pt1-PgS142,Vote on Zakheim Nomination (Executive Session),SENATE
CREC-2023-01-30,2023-01-30,CREC-2023-01-30-pt1-PgS141-2,EXECUTIVE CALENDAR (Executive Session),SENATE
CREC-2023-01-30,2023-01-30,CREC-2023-01-30-pt1-PgS141,UNANIMOUS CONSENT AGREEMENT--EXECUTIVE CALENDAR,SENATE
CREC-2023-01-30,2023-01-30,CREC-2023-01-30-pt1-PgS140-2,CLASSIFIED INFORMATION,SENATE
CREC-2023-01-30,2023-01-30,CREC-2023-01-30-pt1-PgS140,LAW ENFORCEMENT DE-ESCALATION TRAINING ACT,SENATE
CREC-2023-01-30,2023-01-30,CREC-2023-01-30-pt1-PgS139,POLICE REFORMS,SENATE
CREC-2023-01-30,2023-01-30,CREC-2023-01-30-pt1-PgS138-4,AMERICAN ENERGY,SENATE
CREC-2023-01-30,2023-01-30,CREC-2023-01-30-pt1-PgS138-3,RECOGNITION OF THE MINORITY LEADER,SENATE
CREC-2023-01-30,2023-01-30,CREC-2023-01-30-pt1-PgS138-2,COMMITTEE MEMBERSHIPS,SENATE
CREC-2023-01-30,2023-01-30,CREC-2023-01-30-pt1-PgS138,GATEWAY PROGRAM,SENATE
CREC-2023-01-30,2023-01-30,CREC-2023-01-30-pt1-PgS137-9,DEBT CEILING,SENATE
CREC-2023-01-30,2023-01-30,CREC-2023-01-30-pt1-PgS137-8,REMEMBERING TYRE NICHOLS,SENATE
CREC-2023-01-30,2023-01-30,CREC-2023-01-30-pt1-PgS137-7,MEASURE PLACED ON THE CALENDAR--S. 123,SENATE
CREC-2023-01-30,2023-01-30,CREC-2023-01-30-pt1-PgS137-6,RECOGNITION OF THE MAJORITY LEADER,SENATE
CREC-2023-01-30,2023-01-30,CREC-2023-01-30-pt1-PgS137-5,MORNING BUSINESS,SENATE
CREC-2023-01-30,2023-01-30,CREC-2023-01-30-pt1-PgS137-4,RESERVATION OF LEADER TIME,SENATE
CREC-2023-01-30,2023-01-30,CREC-2023-01-30-pt1-PgS137-3,PLEDGE OF ALLEGIANCE,SENATE
CREC-2023-01-30,2023-01-30,CREC-2023-01-30-pt1-PgS137-2,PRAYER,SENATE
CREC-2023-01-30,2023-01-30,CREC-2023-01-30-pt1-PgS137,Senate,SENATE
CREC-2023-01-30,2023-01-30,CREC-2023-01-30-pt1-PgS-FrontMatter,CONGRESSIONAL RECORD,SENATE
CREC-2023-01-30,2023-01-30,CREC-2023-01-30-pt1-PgH512,"CONGRESSIONAL EARMARKS, LIMITED TAX BENEFITS, OR LIMITED TARIFF BENEFITS",HOUSE
CREC-2023-01-30,2023-01-30,CREC-2023-01-30-pt1-PgH511-9,Constitutional Authority and Single Subject Statements for H.R. 634,HOUSE
CREC-2023-01-30,2023-01-30,CREC-2023-01-30-pt1-PgH511-8,Constitutional Authority and Single Subject Statements for H.R. 633,HOUSE
CREC-2023-01-30,2023-01-30,CREC-2023-01-30-pt1-PgH511-7,Constitutional Authority and Single Subject Statements for H.R. 632,HOUSE
CREC-2023-01-30,2023-01-30,CREC-2023-01-30-pt1-PgH511-6,Constitutional Authority and Single Subject Statements for H.R. 631,HOUSE
CREC-2023-01-30,2023-01-30,CREC-2023-01-30-pt1-PgH511-5,Constitutional Authority and Single Subject Statements for H.R. 630,HOUSE
CREC-2023-01-30,2023-01-30,CREC-2023-01-30-pt1-PgH511-4,Constitutional Authority and Single Subject Statements for H.R. 629,HOUSE
CREC-2023-01-30,2023-01-30,CREC-2023-01-30-pt1-PgH511-3,Constitutional Authority and Single Subject Statements for H.R. 628,HOUSE
CREC-2023-01-30,2023-01-30,CREC-2023-01-30-pt1-PgH511-2,Constitutional Authority and Single Subject Statements for H.R. 627,HOUSE
CREC-2023-01-30,2023-01-30,CREC-2023-01-30-pt1-PgH511-17,ADDITIONAL SPONSORS,HOUSE
CREC-2023-01-30,2023-01-30,CREC-2023-01-30-pt1-PgH511-16,Constitutional Authority and Single Subject Statements for H.R. 641,HOUSE
CREC-2023-01-30,2023-01-30,CREC-2023-01-30-pt1-PgH511-15,Constitutional Authority and Single Subject Statements for H.R. 640,HOUSE
CREC-2023-01-30,2023-01-30,CREC-2023-01-30-pt1-PgH511-14,Constitutional Authority and Single Subject Statements for H.R. 689,HOUSE
CREC-2023-01-30,2023-01-30,CREC-2023-01-30-pt1-PgH511-13,Constitutional Authority and Single Subject Statements for H.R. 638,HOUSE
CREC-2023-01-30,2023-01-30,CREC-2023-01-30-pt1-PgH511-12,Constitutional Authority and Single Subject Statements for H.R. 637,HOUSE
CREC-2023-01-30,2023-01-30,CREC-2023-01-30-pt1-PgH511-11,Constitutional Authority and Single Subject Statements for H.R. 636,HOUSE
CREC-2023-01-30,2023-01-30,CREC-2023-01-30-pt1-PgH511-10,Constitutional Authority and Single Subject Statements for H.R. 635,HOUSE
CREC-2023-01-30,2023-01-30,CREC-2023-01-30-pt1-PgH511,Constitutional Authority and Single Subject Statements for H.R. 626,HOUSE
CREC-2023-01-30,2023-01-30,CREC-2023-01-30-pt1-PgH510-9,Constitutional Authority and Single Subject Statements for H.R. 623,HOUSE
CREC-2023-01-30,2023-01-30,CREC-2023-01-30-pt1-PgH510-8,Constitutional Authority and Single Subject Statements for H.R. 622,HOUSE
CREC-2023-01-30,2023-01-30,CREC-2023-01-30-pt1-PgH510-7,Constitutional Authority and Single Subject Statements for H.R. 621,HOUSE
CREC-2023-01-30,2023-01-30,CREC-2023-01-30-pt1-PgH510-6,Constitutional Authority and Single Subject Statements for H.R. 620,HOUSE
CREC-2023-01-30,2023-01-30,CREC-2023-01-30-pt1-PgH510-5,Constitutional Authority and Single Subject Statements for H.R. 619,HOUSE
CREC-2023-01-30,2023-01-30,CREC-2023-01-30-pt1-PgH510-4,Constitutional Authority and Single Subject Statements for H.R. 618,HOUSE
CREC-2023-01-30,2023-01-30,CREC-2023-01-30-pt1-PgH510-3,Constitutional Authority and Single Subject Statements for H.R. 617,HOUSE
CREC-2023-01-30,2023-01-30,CREC-2023-01-30-pt1-PgH510-2,Constitutional Authority and Single Subject Statements,HOUSE
CREC-2023-01-30,2023-01-30,CREC-2023-01-30-pt1-PgH510-11,Constitutional Authority and Single Subject Statements for H.R. 625,HOUSE
CREC-2023-01-30,2023-01-30,CREC-2023-01-30-pt1-PgH510-10,Constitutional Authority and Single Subject Statements for H.R. 624,HOUSE
CREC-2023-01-30,2023-01-30,CREC-2023-01-30-pt1-PgH510,PRIVATE BILLS AND RESOLUTIONS,HOUSE
CREC-2023-01-30,2023-01-30,CREC-2023-01-30-pt1-PgH509,PUBLIC BILLS AND RESOLUTIONS,HOUSE
CREC-2023-01-30,2023-01-30,CREC-2023-01-30-pt1-PgH507-7,"EXECUTIVE COMMUNICATIONS, ETC.",HOUSE
CREC-2023-01-30,2023-01-30,CREC-2023-01-30-pt1-PgH507-6,ADJOURNMENT,HOUSE
CREC-2023-01-30,2023-01-30,CREC-2023-01-30-pt1-PgH507-5,THE SCOURGE OF HUMAN TRAFFICKING,HOUSE
CREC-2023-01-30,2023-01-30,CREC-2023-01-30-pt1-PgH507-4,SUPPORTING THE GREAT LAKES,HOUSE
CREC-2023-01-30,2023-01-30,CREC-2023-01-30-pt1-PgH507-3,TAX RELIEF FOR FAMILIES,HOUSE
CREC-2023-01-30,2023-01-30,CREC-2023-01-30-pt1-PgH507-2,THE AMERICAN PEOPLE ARE DOWN ON THE GOVERNMENT,HOUSE
CREC-2023-01-30,2023-01-30,CREC-2023-01-30-pt1-PgH507,CONGRATULATING THE MISHAWAKA CAVEMEN,HOUSE
CREC-2023-01-30,2023-01-30,CREC-2023-01-30-pt1-PgH506-6,IN MEMORY OF HILDA BEATRICE MacFARLAND,HOUSE
CREC-2023-01-30,2023-01-30,CREC-2023-01-30-pt1-PgH506-5,RECOGNIZING VOLUNTEERS FOR THE YMCA OF CENTRE COUNTY'S ANTI-HUNGER PROGRAM,HOUSE
CREC-2023-01-30,2023-01-30,CREC-2023-01-30-pt1-PgH506-4,REPUBLICAN PLANS TO ENACT A 30 PERCENT SALES TAX,HOUSE
CREC-2023-01-30,2023-01-30,CREC-2023-01-30-pt1-PgH506-3,HONORING THE LIFE OF DICK FLOOD,HOUSE
CREC-2023-01-30,2023-01-30,CREC-2023-01-30-pt1-PgH506-2,APPOINTMENT OF MEMBERS TO THE UNITED STATES GROUP OF THE NATO PARLIAMENTARY ASSEMBLY,HOUSE
CREC-2023-01-30,2023-01-30,CREC-2023-01-30-pt1-PgH506,ELECTING MEMBERS TO CERTAIN STANDING COMMITTEES OF THE HOUSE OF REPRESENTATIVES AND RANKING A MEMBER ON A CERTAIN STANDING COMMITTEE OF THE HOUSE OF REPRESENTATIVES,HOUSE
CREC-2023-01-30,2023-01-30,CREC-2023-01-30-pt1-PgH505-5,ELECTING MEMBERS TO CERTAIN STANDING COMMITTEES OF THE HOUSE OF REPRESENTATIVES,HOUSE
CREC-2023-01-30,2023-01-30,CREC-2023-01-30-pt1-PgH505-4,THE JOURNAL,HOUSE
CREC-2023-01-30,2023-01-30,CREC-2023-01-30-pt1-PgH505-3,FINANCIAL EXPLOITATION PREVENTION ACT OF 2023,HOUSE
CREC-2023-01-30,2023-01-30,CREC-2023-01-30-pt1-PgH505-2,ANNOUNCEMENT BY THE SPEAKER PRO TEMPORE,HOUSE
CREC-2023-01-30,2023-01-30,CREC-2023-01-30-pt1-PgH505,AFTER RECESS,HOUSE
CREC-2023-01-30,2023-01-30,CREC-2023-01-30-pt1-PgH504,RECESS,HOUSE
CREC-2023-01-30,2023-01-30,CREC-2023-01-30-pt1-PgH502,EXPANDING ACCESS TO CAPITAL FOR RURAL JOB CREATORS ACT,HOUSE
CREC-2023-01-27,2023-01-27,CREC-2023-01-27-pt1-PgH491-9,Constitutional Authority and Single Subject Statements for H.R. 616,HOUSE
CREC-2023-01-27,2023-01-27,CREC-2023-01-27-pt1-PgH491-8,Constitutional Authority and Single Subject Statements for H.R. 615,HOUSE
CREC-2023-01-27,2023-01-27,CREC-2023-01-27-pt1-PgH491-7,Constitutional Authority and Single Subject Statements for H.R. 614,HOUSE
CREC-2023-01-27,2023-01-27,CREC-2023-01-27-pt1-PgH491-6,Constitutional Authority and Single Subject Statements for H.R. 613,HOUSE
CREC-2023-01-27,2023-01-27,CREC-2023-01-27-pt1-PgH491-5,Constitutional Authority and Single Subject Statements for H.R. 612,HOUSE
CREC-2023-01-27,2023-01-27,CREC-2023-01-27-pt1-PgH491-4,Constitutional Authority and Single Subject Statements for H.R. 611,HOUSE
CREC-2023-01-27,2023-01-27,CREC-2023-01-27-pt1-PgH491-3,Constitutional Authority and Single Subject Statements for H.R. 610,HOUSE
CREC-2023-01-27,2023-01-27,CREC-2023-01-27-pt1-PgH491-2,Constitutional Authority and Single Subject Statements for H.R. 609,HOUSE
CREC-2023-01-27,2023-01-27,CREC-2023-01-27-pt1-PgH491-10,ADDITIONAL SPONSORS,HOUSE
CREC-2023-01-27,2023-01-27,CREC-2023-01-27-pt1-PgH491,Constitutional Authority and Single Subject Statements for H.R. 608,HOUSE
CREC-2023-01-27,2023-01-27,CREC-2023-01-27-pt1-PgH490-9,Constitutional Authority and Single Subject Statements for H.R. 594,HOUSE
CREC-2023-01-27,2023-01-27,CREC-2023-01-27-pt1-PgH490-8,Constitutional Authority and Single Subject Statements for H.R. 593,HOUSE
CREC-2023-01-27,2023-01-27,CREC-2023-01-27-pt1-PgH490-7,Constitutional Authority and Single Subject Statements for H.R. 592,HOUSE
CREC-2023-01-27,2023-01-27,CREC-2023-01-27-pt1-PgH490-6,Constitutional Authority and Single Subject Statements for H.R. 591,HOUSE
CREC-2023-01-27,2023-01-27,CREC-2023-01-27-pt1-PgH490-5,Constitutional Authority and Single Subject Statements for H.R. 590,HOUSE
CREC-2023-01-27,2023-01-27,CREC-2023-01-27-pt1-PgH490-4,Constitutional Authority and Single Subject Statements for H.R. 589,HOUSE
CREC-2023-01-27,2023-01-27,CREC-2023-01-27-pt1-PgH490-3,Constitutional Authority and Single Subject Statements for H.R. 588,HOUSE
CREC-2023-01-27,2023-01-27,CREC-2023-01-27-pt1-PgH490-22,Constitutional Authority and Single Subject Statements for H.R. 607,HOUSE
CREC-2023-01-27,2023-01-27,CREC-2023-01-27-pt1-PgH490-21,Constitutional Authority and Single Subject Statements for H.R. 606,HOUSE
CREC-2023-01-27,2023-01-27,CREC-2023-01-27-pt1-PgH490-20,Constitutional Authority and Single Subject Statements for H.R. 605,HOUSE
CREC-2023-01-27,2023-01-27,CREC-2023-01-27-pt1-PgH490-2,Constitutional Authority and Single Subject Statements,HOUSE
CREC-2023-01-27,2023-01-27,CREC-2023-01-27-pt1-PgH490-19,Constitutional Authority and Single Subject Statements for H.R. 604,HOUSE
CREC-2023-01-27,2023-01-27,CREC-2023-01-27-pt1-PgH490-18,Constitutional Authority and Single Subject Statements for H.R. 603,HOUSE
CREC-2023-01-27,2023-01-27,CREC-2023-01-27-pt1-PgH490-17,Constitutional Authority and Single Subject Statements for H.R. 602,HOUSE
CREC-2023-01-27,2023-01-27,CREC-2023-01-27-pt1-PgH490-16,Constitutional Authority and Single Subject Statements for H.R. 601,HOUSE
CREC-2023-01-27,2023-01-27,CREC-2023-01-27-pt1-PgH490-15,Constitutional Authority and Single Subject Statements for H.R. 600,HOUSE
CREC-2023-01-27,2023-01-27,CREC-2023-01-27-pt1-PgH490-14,Constitutional Authority and Single Subject Statements for H.R. 599,HOUSE
CREC-2023-01-27,2023-01-27,CREC-2023-01-27-pt1-PgH490-13,Constitutional Authority and Single Subject Statements for H.R. 598,HOUSE
CREC-2023-01-27,2023-01-27,CREC-2023-01-27-pt1-PgH490-12,Constitutional Authority and Single Subject Statements for H.R. 597,HOUSE
CREC-2023-01-27,2023-01-27,CREC-2023-01-27-pt1-PgH490-11,Constitutional Authority and Single Subject Statements for H.R. 596,HOUSE
CREC-2023-01-27,2023-01-27,CREC-2023-01-27-pt1-PgH490-10,Constitutional Authority and Single Subject Statements for H.R. 595,HOUSE
CREC-2023-01-27,2023-01-27,CREC-2023-01-27-pt1-PgH490,PRIVATE BILLS AND RESOLUTIONS,HOUSE
CREC-2023-01-27,2023-01-27,CREC-2023-01-27-pt1-PgH488,PUBLIC BILLS AND RESOLUTIONS,HOUSE
CREC-2023-01-27,2023-01-27,CREC-2023-01-27-pt1-PgH487,"EXECUTIVE COMMUNICATIONS, ETC.",HOUSE
CREC-2023-01-27,2023-01-27,CREC-2023-01-27-pt1-PgH486,OATH FOR ACCESS TO CLASSIFIED INFORMATION,HOUSE
CREC-2023-01-27,2023-01-27,CREC-2023-01-27-pt1-PgH484-4,"OATH OF OFFICE MEMBERS, RESIDENT COMMISSIONER, AND DELEGATES",HOUSE
CREC-2023-01-27,2023-01-27,CREC-2023-01-27-pt1-PgH484-3,ADJOURNMENT,HOUSE
CREC-2023-01-27,2023-01-27,CREC-2023-01-27-pt1-PgH484-2,LEAVE OF ABSENCE,HOUSE
CREC-2023-01-27,2023-01-27,CREC-2023-01-27-pt1-PgH484,"ADJOURNMENT FROM FRIDAY, JANUARY 27, 2023, TO MONDAY, JANUARY 30, 2023",HOUSE
CREC-2023-01-27,2023-01-27,CREC-2023-01-27-pt1-PgH481,REMEMBERING THE LIFE AND LEGACY OF HANS ``HARRY'' FRISCH,HOUSE
CREC-2023-01-27,2023-01-27,CREC-2023-01-27-pt1-PgH477,GRAVE CONCERNS FOR TRICARE BENEFICIARIES,HOUSE
CREC-2023-01-27,2023-01-27,CREC-2023-01-27-pt1-PgH475-4,MOMENTS IN TIME THAT IMPACT THE REST OF TIME,HOUSE
CREC-2023-01-27,2023-01-27,CREC-2023-01-27-pt1-PgH475-3,SOCIAL SECURITY,HOUSE
CREC-2023-01-27,2023-01-27,CREC-2023-01-27-pt1-PgH475-2,SUPPORTING WORKING FAMILIES,HOUSE
CREC-2023-01-27,2023-01-27,CREC-2023-01-27-pt1-PgH475,GUN VIOLENCE,HOUSE
CREC-2023-01-27,2023-01-27,CREC-2023-01-27-pt1-PgH474-5,COMMONSENSE SOLUTIONS FOR THE HEARTLAND,HOUSE
CREC-2023-01-27,2023-01-27,CREC-2023-01-27-pt1-PgH474-4,HONORING HENRY BERG-BROUSSEAU,HOUSE
CREC-2023-01-27,2023-01-27,CREC-2023-01-27-pt1-PgH474-3,"ERNIE REYNOLDS SR. OF OROVILLE, CALIFORNIA",HOUSE
CREC-2023-01-27,2023-01-27,CREC-2023-01-27-pt1-PgH474-2,HOLOCAUST REMEMBRANCE DAY,HOUSE
CREC-2023-01-27,2023-01-27,CREC-2023-01-27-pt1-PgH474,GETTING TO KNOW MY CONSTITUENTS,HOUSE
CREC-2023-01-27,2023-01-27,CREC-2023-01-27-pt1-PgH473-6,FIGHTING FOR YOUR REPRODUCTIVE FREEDOM,HOUSE
CREC-2023-01-27,2023-01-27,CREC-2023-01-27-pt1-PgH473-5,HONORING THE LIVES OF SERGEANT STEVEN ROBIN AND OFFICER BRANDEN ESTORFFE,HOUSE
CREC-2023-01-27,2023-01-27,CREC-2023-01-27-pt1-PgH473-4,RECOGNIZING NATIONAL MENTORING MONTH,HOUSE
CREC-2023-01-27,2023-01-27,CREC-2023-01-27-pt1-PgH473-3,THE WAR IN UKRAINE,HOUSE
CREC-2023-01-27,2023-01-27,CREC-2023-01-27-pt1-PgH473-2,NEVER FORGET THE WORST GENOCIDE IN HISTORY,HOUSE
CREC-2023-01-27,2023-01-27,CREC-2023-01-27-pt1-PgH473,NATIONAL SCHOOL CHOICE WEEK,HOUSE
CREC-2023-01-27,2023-01-27,CREC-2023-01-27-pt1-PgH472-7,ENERGY INDEPENDENCE IN PERPETUITY,HOUSE
CREC-2023-01-27,2023-01-27,CREC-2023-01-27-pt1-PgH472-6,INTERNATIONAL HOLOCAUST REMEMBRANCE DAY,HOUSE
CREC-2023-01-27,2023-01-27,CREC-2023-01-27-pt1-PgH472-5,WOMEN'S ACCESS TO MEDICATION ABORTION,HOUSE
CREC-2023-01-27,2023-01-27,CREC-2023-01-27-pt1-PgH472-4,HONORING HEROIC BRANTLEY COUNTY FIRST RESPONDERS,HOUSE
CREC-2023-01-27,2023-01-27,CREC-2023-01-27-pt1-PgH472-3,CONDEMNING AZERBAIJAN'S BLOCKADE OF LACHIN CORRIDOR,HOUSE
CREC-2023-01-27,2023-01-27,CREC-2023-01-27-pt1-PgH472-2,RECOGNIZING THE ANNIVERSARY OF THE AUSCHWITZ CONCENTRATION CAMP LIBERATION,HOUSE
CREC-2023-01-27,2023-01-27,CREC-2023-01-27-pt1-PgH472,DIRECT ATTACK ON STRATEGIC PETROLEUM RESERVE,HOUSE
CREC-2023-01-27,2023-01-27,CREC-2023-01-27-pt1-PgH471-6,COMMONSENSE SOLUTIONS FOR FARMERS AND RANCHERS,HOUSE
CREC-2023-01-27,2023-01-27,CREC-2023-01-27-pt1-PgH471-5,APPOINTMENT OF MEMBER TO THE BOARD OF REGENTS OF THE SMITHSONIAN INSTITUTION,HOUSE
CREC-2023-01-27,2023-01-27,CREC-2023-01-27-pt1-PgH471-4,COMMUNICATION FROM THE DEMOCRATIC LEADER,HOUSE
CREC-2023-01-27,2023-01-27,CREC-2023-01-27-pt1-PgH471-3,MOMENT OF SILENCE FOR VICTIMS OF THE HALF MOON BAY SHOOTINGS,HOUSE
CREC-2023-01-27,2023-01-27,CREC-2023-01-27-pt1-PgH471-2,PROVIDING AMOUNTS FOR THE EXPENSES OF THE SELECT COMMITTEE ON THE STRATEGIC COMPETITION BETWEEN THE UNITED STATES AND THE CHINESE COMMUNIST PARTY,HOUSE
CREC-2023-01-27,2023-01-27,CREC-2023-01-27-pt1-PgH471,"AUTHORIZING THE CLERK TO MAKE CORRECTIONS IN ENGROSSMENT OF H.R. 21, STRATEGIC PRODUCTION RESPONSE ACT",HOUSE
CREC-2023-01-27,2023-01-27,CREC-2023-01-27-pt1-PgH440,"We understand that the price at the pump is prohibitive, and we have
to continue to choose whatever tools we have to try to bring it down.",HOUSE
CREC-2023-01-27,2023-01-27,CREC-2023-01-27-pt1-PgH435-4,STRATEGIC PRODUCTION RESPONSE ACT,HOUSE
CREC-2023-01-27,2023-01-27,CREC-2023-01-27-pt1-PgH435-3,REPUBLICAN ECONOMIC SCHEME HURTS WORKING FAMILIES,HOUSE
CREC-2023-01-27,2023-01-27,CREC-2023-01-27-pt1-PgH435-2,HONORING THE LIFE OF LOU MOORE,HOUSE
CREC-2023-01-27,2023-01-27,CREC-2023-01-27-pt1-PgH435,WE ARE TEXAS STRONG,HOUSE
CREC-2023-01-27,2023-01-27,CREC-2023-01-27-pt1-PgH434-6,INTERNATIONAL HOLOCAUST REMEMBRANCE DAY,HOUSE
CREC-2023-01-27,2023-01-27,CREC-2023-01-27-pt1-PgH434-5,SUPPORTING STRIKING WORKERS AT THE PITTSBURGH POST-GAZETTE,HOUSE
CREC-2023-01-27,2023-01-27,CREC-2023-01-27-pt1-PgH434-4,SCHOOL CHOICE,HOUSE
CREC-2023-01-27,2023-01-27,CREC-2023-01-27-pt1-PgH434-3,HONORING ANNIE BROWN KENNEDY,HOUSE
CREC-2023-01-27,2023-01-27,CREC-2023-01-27-pt1-PgH434-2,CONGRATULATING IOWA BIODIESEL BOARD,HOUSE
CREC-2023-01-27,2023-01-27,CREC-2023-01-27-pt1-PgH434,MASS SHOOTINGS IN CALIFORNIA,HOUSE
CREC-2023-01-27,2023-01-27,CREC-2023-01-27-pt1-PgH433-7,CELEBRATING LUNAR NEW YEAR,HOUSE
CREC-2023-01-27,2023-01-27,CREC-2023-01-27-pt1-PgH433-6,ANNOUNCEMENT BY THE SPEAKER PRO TEMPORE,HOUSE
CREC-2023-01-27,2023-01-27,CREC-2023-01-27-pt1-PgH433-5,PLEDGE OF ALLEGIANCE,HOUSE
CREC-2023-01-27,2023-01-27,CREC-2023-01-27-pt1-PgH433-4,THE JOURNAL,HOUSE
CREC-2023-01-27,2023-01-27,CREC-2023-01-27-pt1-PgH433-3,PRAYER,HOUSE
CREC-2023-01-27,2023-01-27,CREC-2023-01-27-pt1-PgH433-2,DESIGNATION OF THE SPEAKER PRO TEMPORE,HOUSE
CREC-2023-01-27,2023-01-27,CREC-2023-01-27-pt1-PgH433,Senate,HOUSE
CREC-2023-01-27,2023-01-27,CREC-2023-01-27-pt1-PgE67-2,POST-DISASTER ASSISTANCE ONLINE ACCOUNTABILITY ACT,EXTENSIONS
CREC-2023-01-27,2023-01-27,CREC-2023-01-27-pt1-PgE67,"CONGRATULATING VANESSA WYCHE, DIRECTOR OF NASA JOHNSON SPACE CENTER",EXTENSIONS
CREC-2023-01-27,2023-01-27,CREC-2023-01-27-pt1-PgE66-2,"HONORING THE SERVICE OF LARRY R. ROGERS, SR.",EXTENSIONS
CREC-2023-01-27,2023-01-27,CREC-2023-01-27-pt1-PgE66,TRIBUTE TO MICHAEL BOZICK,EXTENSIONS
CREC-2023-01-27,2023-01-27,CREC-2023-01-27-pt1-PgE65-4,INVESTING IN MAIN STREET ACT OF 2023,EXTENSIONS
CREC-2023-01-27,2023-01-27,CREC-2023-01-27-pt1-PgE65-3,RECOGNIZING HENRY LYKES,EXTENSIONS
CREC-2023-01-27,2023-01-27,CREC-2023-01-27-pt1-PgE65-2,HONORING THE SERVICE AND SACRIFICE OF SERGEANT STEVEN ROBIN AND OFFICER BRANDEN ESTORFFE,EXTENSIONS
CREC-2023-01-27,2023-01-27,CREC-2023-01-27-pt1-PgE65,HONORING THE RETIREMENT OF JAMES ANDERSON,EXTENSIONS
CREC-2023-01-27,2023-01-27,CREC-2023-01-27-pt1-PgE64-6,FEDERAL DISASTER ASSISTANCE COORDINATION ACT,EXTENSIONS
CREC-2023-01-27,2023-01-27,CREC-2023-01-27-pt1-PgE64-5,"CONGRATULATING MR. MILAN MORA, P.E. ON BEING CHOSEN THE U.S. ARMY CORPS OF ENGINEERS 2022 JOHN W. MORRIS CIVILIAN OF THE YEAR",EXTENSIONS
CREC-2023-01-27,2023-01-27,CREC-2023-01-27-pt1-PgE64-4,REMEMBERING THE LIFE OF CHARLES EDWIN SIMPSON,EXTENSIONS
CREC-2023-01-27,2023-01-27,CREC-2023-01-27-pt1-PgE64-3,PERSONAL EXPLANATION,EXTENSIONS
CREC-2023-01-27,2023-01-27,CREC-2023-01-27-pt1-PgE64-2,SECURITIES AND EXCHANGE COMMISSION REAL ESTATE LEASING AUTHORITY REVOCATION ACT,EXTENSIONS
CREC-2021-03-01,2021-03-01,CREC-2021-03-01-pt1-PgS963-5,CONFIRMATION,SENATE
CREC-2021-03-01,2021-03-01,CREC-2021-03-01-pt1-PgS963-4,RECESS UNTIL 10:30 A.M. TOMORROW,SENATE
CREC-2021-03-01,2021-03-01,CREC-2021-03-01-pt1-PgS963-3,"ORDERS FOR TUESDAY, MARCH 2, 2021",SENATE
CREC-2021-03-01,2021-03-01,CREC-2021-03-01-pt1-PgS963-2,PRIVILEGES OF THE FLOOR,SENATE
CREC-2021-03-01,2021-03-01,CREC-2021-03-01-pt1-PgS963,"SENATE CONCURRENT RESOLUTION 7--RECOGNIZING THE HEROISM OF THE UNITED STATES CAPITOL PERSONNEL AND JOURNALISTS DURING THE INSURRECTIONIST ATTACK ON THE UNITED STATES CAPITOL ON JANUARY 6, 2021",SENATE
CREC-2021-03-01,2021-03-01,CREC-2021-03-01-pt1-PgS961,SENATE RESOLUTION 85--EXPRESSING THE SENSE OF THE SENATE THAT IT IS THE DUTY OF THE FEDERAL GOVERNMENT TO DRAMATICALLY EXPAND AND STRENGTHEN THE CARE ECONOMY,SENATE
CREC-2021-03-01,2021-03-01,CREC-2021-03-01-pt1-PgS960-2,SENATE RESOLUTION 84--AMENDING THE STANDING RULES OF THE SENATE TO PROHIBIT THE CONSIDERATION OF LEGISLATION IN THE SENATE UNLESS THE TEXT OF THE LEGISLATION THAT WILL BE CONSIDERED HAS BEEN MADE...,SENATE
CREC-2021-03-01,2021-03-01,CREC-2021-03-01-pt1-PgS960,"SENATE RESOLUTION 83--EXPRESSING SUPPORT FOR THE DESIGNATION OF FEBRUARY 20 THROUGH FEBRUARY 27, 2021, AS ``NATIONAL FFA WEEK'', RECOGNIZING THE IMPORTANT ROLE OF THE NATIONAL FFA ORGANIZATION IN...",SENATE
CREC-2021-03-01,2021-03-01,CREC-2021-03-01-pt1-PgS959,SENATE RESOLUTION 82--HONORING THE LIFE AND LEGACY OF JOHN ROBERT LEWIS AND COMMENDING JOHN ROBERT LEWIS FOR HIS TOWERING ACHIEVEMENTS IN THE NONVIOLENT STRUGGLE FOR CIVIL RIGHTS,SENATE
CREC-2021-03-01,2021-03-01,CREC-2021-03-01-pt1-PgS958-4,"SENATE RESOLUTION 81--HONORING LAS DAMAS DE BLANCO, A WOMEN-LED NONVIOLENT MOVEMENT IN SUPPORT OF FREEDOM AND HUMAN RIGHTS IN CUBA, AND CALLING FOR THE RELEASE OF ALL POLITICAL PRISONERS IN CUBA",SENATE
CREC-2021-03-01,2021-03-01,CREC-2021-03-01-pt1-PgS958-3,SENATE RESOLUTION 80--ESTABLISHING THE SENATE HUMAN RIGHTS COMMISSION,SENATE
CREC-2021-03-01,2021-03-01,CREC-2021-03-01-pt1-PgS958-2,SENATE RESOLUTION 79--NOTIFYING THE HOUSE OF REPRESENTATIVES OF THE ELECTION OF THE SECRETARY OF THE SENATE,SENATE
CREC-2021-03-01,2021-03-01,CREC-2021-03-01-pt1-PgS958,SUBMITTED RESOLUTIONS,SENATE
CREC-2021-03-01,2021-03-01,CREC-2021-03-01-pt1-PgS956,STATEMENTS ON INTRODUCED BILLS AND JOINT RESOLUTION,SENATE
CREC-2021-03-01,2021-03-01,CREC-2021-03-01-pt1-PgS955-2,ADDITIONAL COSPONSORS,SENATE
CREC-2021-03-01,2021-03-01,CREC-2021-03-01-pt1-PgS955,SUBMISSION OF CONCURRENT AND SENATE RESOLUTIONS,SENATE
CREC-2021-03-01,2021-03-01,CREC-2021-03-01-pt1-PgS954-3,INTRODUCTION OF BILLS AND JOINT RESOLUTIONS,SENATE
CREC-2021-03-01,2021-03-01,CREC-2021-03-01-pt1-PgS954-2,EXECUTIVE REPORT OF COMMITTEE,SENATE
CREC-2021-03-01,2021-03-01,CREC-2021-03-01-pt1-PgS954,REPORTS OF COMMITTEES,SENATE
CREC-2021-03-01,2021-03-01,CREC-2021-03-01-pt1-PgS953-6,PETITIONS AND MEMORIALS,SENATE
CREC-2021-03-01,2021-03-01,CREC-2021-03-01-pt1-PgS953-5,EXECUTIVE AND OTHER COMMUNICATIONS,SENATE
CREC-2021-03-01,2021-03-01,CREC-2021-03-01-pt1-PgS953-4,MEASURES PLACED ON THE CALENDAR,SENATE
CREC-2021-03-01,2021-03-01,CREC-2021-03-01-pt1-PgS953-3,MESSAGE FROM THE HOUSE,SENATE
CREC-2021-03-01,2021-03-01,CREC-2021-03-01-pt1-PgS953-2,RECOGNIZING CONTINUOUS COMPOSITES,SENATE
CREC-2021-03-01,2021-03-01,CREC-2021-03-01-pt1-PgS953,ADDITIONAL STATEMENTS,SENATE
CREC-2021-03-01,2021-03-01,CREC-2021-03-01-pt1-PgS952-2,RECOGNIZING THE 90TH ANNIVERSARY OF THE NATIONAL LIBRARY SERVICE FOR THE BLIND AND PRINT DISABLED,SENATE
CREC-2021-03-01,2021-03-01,CREC-2021-03-01-pt1-PgS952,59TH INAUGURAL CEREMONIES,SENATE
CREC-2021-03-01,2021-03-01,CREC-2021-03-01-pt1-PgS950-3,SENATE PERMANENT SUBCOMMITTEE ON INVESTIGATIONS RULES OF PROCEDURE,SENATE
CREC-2021-03-01,2021-03-01,CREC-2021-03-01-pt1-PgS950-2,SENATE SUBCOMMITTEE ON GOVERNMENT OPERATIONS AND BORDER MANAGEMENT RULES OF PROCEDURE,SENATE
CREC-2021-03-01,2021-03-01,CREC-2021-03-01-pt1-PgS950,SENATE SUBCOMMITTEE ON EMERGING THREATS AND SPENDING OVERSIGHT RULES OF PROCEDURE,SENATE
CREC-2021-03-01,2021-03-01,CREC-2021-03-01-pt1-PgS924-2,IMPEACHMENT,SENATE
CREC-2021-03-01,2021-03-01,CREC-2021-03-01-pt1-PgS924,TRIBUTE TO CHRISTINA NOLAN,SENATE
CREC-2021-03-01,2021-03-01,CREC-2021-03-01-pt1-PgS923,SENATE COMMITTEE ON APPROPRIATIONS RULES OF PROCEDURE,SENATE
CREC-2021-03-01,2021-03-01,CREC-2021-03-01-pt1-PgS922-2,MORNING BUSINESS,SENATE
CREC-2021-03-01,2021-03-01,CREC-2021-03-01-pt1-PgS922,NATIONAL FFA WEEK,SENATE
CREC-2021-03-01,2021-03-01,CREC-2021-03-01-pt1-PgS921-6,Federal Funding (Executive Calendar),SENATE
CREC-2021-03-01,2021-03-01,CREC-2021-03-01-pt1-PgS921-5,EXECUTIVE CALENDAR--Continued,SENATE
CREC-2021-03-01,2021-03-01,CREC-2021-03-01-pt1-PgS921-4,HONORING THE LIFE AND LEGACY OF JOHN ROBERT LEWIS AND COMMENDING JOHN ROBERT LEWIS FOR HIS TOWERING ACHIEVEMENTS IN THE NONVIOLENT STRUGGLE FOR CIVIL RIGHTS,SENATE
CREC-2021-03-01,2021-03-01,CREC-2021-03-01-pt1-PgS921-3,EXECUTIVE CALENDAR,SENATE
CREC-2021-03-01,2021-03-01,CREC-2021-03-01-pt1-PgS921-2,CLOTURE MOTION,SENATE
CREC-2021-03-01,2021-03-01,CREC-2021-03-01-pt1-PgS921,Vote on Cardona Nomination (Executive Session),SENATE
CREC-2021-03-01,2021-03-01,CREC-2021-03-01-pt1-PgS919-2,NOMINATION OF MIGUEL A. CARDONA (Executive Session),SENATE
CREC-2021-03-01,2021-03-01,CREC-2021-03-01-pt1-PgS919,AUTO for Veterans Act (Executive Session),SENATE
CREC-2021-03-01,2021-03-01,CREC-2021-03-01-pt1-PgS918,U.S. Postal Service (Executive Session),SENATE
CREC-2021-03-01,2021-03-01,CREC-2021-03-01-pt1-PgS917,Texas (Executive Session),SENATE
CREC-2021-03-01,2021-03-01,CREC-2021-03-01-pt1-PgS916,Nomination of Miguel A. Cardona (Executive Session),SENATE
CREC-2021-03-01,2021-03-01,CREC-2021-03-01-pt1-PgS914,Budget Earmarks (Executive Session),SENATE
CREC-2021-03-01,2021-03-01,CREC-2021-03-01-pt1-PgS913,Impeachment (Executive Session),SENATE
CREC-2021-03-01,2021-03-01,CREC-2021-03-01-pt1-PgS912-2,Raising the Minimum Wage (Executive Session),SENATE
CREC-2021-03-01,2021-03-01,CREC-2021-03-01-pt1-PgS912,EXECUTIVE CALENDAR (Executive Session),SENATE
CREC-2021-03-01,2021-03-01,CREC-2021-03-01-pt1-PgS911-2,CONCLUSION OF MORNING BUSINESS,SENATE
CREC-2021-03-01,2021-03-01,CREC-2021-03-01-pt1-PgS911,MAIDEN SPEECH,SENATE
CREC-2021-03-01,2021-03-01,CREC-2021-03-01-pt1-PgS909-5,FOREIGN POLICY,SENATE
CREC-2021-03-01,2021-03-01,CREC-2021-03-01-pt1-PgS909-4,AMERICAN RESCUE PLAN,SENATE
CREC-2021-03-01,2021-03-01,CREC-2021-03-01-pt1-PgS909-3,KENTUCKY,SENATE
CREC-2021-03-01,2021-03-01,CREC-2021-03-01-pt1-PgS909-2,RECOGNITION OF THE MINORITY LEADER,SENATE
CREC-2021-03-01,2021-03-01,CREC-2021-03-01-pt1-PgS909,MEASURES PLACED ON THE CALENDAR--S. 461 AND S.J. RES. 9,SENATE
CREC-2021-03-01,2021-03-01,CREC-2021-03-01-pt1-PgS908-2,VOTING RIGHTS,SENATE
CREC-2021-03-01,2021-03-01,CREC-2021-03-01-pt1-PgS908,BUSINESS BEFORE THE SENATE,SENATE
CREC-2021-03-01,2021-03-01,CREC-2021-03-01-pt1-PgS907-9,SECRETARY OF THE SENATE,SENATE
CREC-2021-03-01,2021-03-01,CREC-2021-03-01-pt1-PgS907-8,NOTIFYING THE HOUSE OF REPRESENTATIVES OF THE ELECTION OF THE SECRETARY OF THE SENATE,SENATE
CREC-2021-03-01,2021-03-01,CREC-2021-03-01-pt1-PgS907-7,NOTIFYING THE PRESIDENT OF THE UNITED STATES OF THE ELECTION OF THE SECRETARY OF THE SENATE,SENATE
CREC-2021-03-01,2021-03-01,CREC-2021-03-01-pt1-PgS907-6,RECOGNITION OF THE MAJORITY LEADER,SENATE
CREC-2021-03-01,2021-03-01,CREC-2021-03-01-pt1-PgS907-5,ADMINISTRATION OF OATH OF OFFICE,SENATE
CREC-2021-03-01,2021-03-01,CREC-2021-03-01-pt1-PgS907-4,RESERVATION OF LEADER TIME,SENATE
CREC-2021-03-01,2021-03-01,CREC-2021-03-01-pt1-PgS907-3,PLEDGE OF ALLEGIANCE,SENATE
CREC-2021-03-01,2021-03-01,CREC-2021-03-01-pt1-PgS907-2,PRAYER,SENATE
CREC-2021-03-01,2021-03-01,CREC-2021-03-01-pt1-PgS907,Senate,SENATE
CREC-2021-03-01,2021-03-01,CREC-2021-03-01-pt1-PgS-FrontMatter-29,CONGRESSIONAL RECORD,SENATE
CREC-2021-03-01,2021-03-01,CREC-2021-03-01-pt1-PgH883-9,Constitutional Authority Statement for H.R. 1457,HOUSE
CREC-2021-03-01,2021-03-01,CREC-2021-03-01-pt1-PgH883-8,Constitutional Authority Statement for H.R. 1456,HOUSE
CREC-2021-03-01,2021-03-01,CREC-2021-03-01-pt1-PgH883-7,Constitutional Authority Statement for H.R. 1455,HOUSE
CREC-2021-03-01,2021-03-01,CREC-2021-03-01-pt1-PgH883-6,Constitutional Authority Statement for H.R. 1454,HOUSE
CREC-2021-03-01,2021-03-01,CREC-2021-03-01-pt1-PgH883-5,Constitutional Authority Statement for H.R. 1453,HOUSE
CREC-2021-03-01,2021-03-01,CREC-2021-03-01-pt1-PgH883-4,Constitutional Authority Statement for H.R. 1452,HOUSE
CREC-2021-03-01,2021-03-01,CREC-2021-03-01-pt1-PgH883-3,Constitutional Authority Statement for H.R. 1451,HOUSE
CREC-2021-03-01,2021-03-01,CREC-2021-03-01-pt1-PgH883-29,"CONGRESSIONAL EARMARKS, LIMITED TAX BENEFITS, OR LIMITED TARIFF BENEFITS",HOUSE
CREC-2021-03-01,2021-03-01,CREC-2021-03-01-pt1-PgH883-28,Constitutional Authority Statement for H.R. 1476,HOUSE
CREC-2021-03-01,2021-03-01,CREC-2021-03-01-pt1-PgH883-27,Constitutional Authority Statement for H.R. 1475,HOUSE
CREC-2021-03-01,2021-03-01,CREC-2021-03-01-pt1-PgH883-26,Constitutional Authority Statement for H.R. 1474,HOUSE
CREC-2021-03-01,2021-03-01,CREC-2021-03-01-pt1-PgH883-25,Constitutional Authority Statement for H.R. 1473,HOUSE
CREC-2021-03-01,2021-03-01,CREC-2021-03-01-pt1-PgH883-24,Constitutional Authority Statement for H.R. 1472,HOUSE
CREC-2021-03-01,2021-03-01,CREC-2021-03-01-pt1-PgH883-23,Constitutional Authority Statement for H.R. 1471,HOUSE
CREC-2021-03-01,2021-03-01,CREC-2021-03-01-pt1-PgH883-22,Constitutional Authority Statement for H.R. 1470,HOUSE
CREC-2021-03-01,2021-03-01,CREC-2021-03-01-pt1-PgH883-21,Constitutional Authority Statement for H.R. 1469,HOUSE
CREC-2021-03-01,2021-03-01,CREC-2021-03-01-pt1-PgH883-20,Constitutional Authority Statement for H.R. 1468,HOUSE
CREC-2021-03-01,2021-03-01,CREC-2021-03-01-pt1-PgH883-2,Constitutional Authority Statement for H.R. 1450,HOUSE
CREC-2021-03-01,2021-03-01,CREC-2021-03-01-pt1-PgH883-19,Constitutional Authority Statement for H.R. 1467,HOUSE
CREC-2021-03-01,2021-03-01,CREC-2021-03-01-pt1-PgH883-18,Constitutional Authority Statement for H.R. 1466,HOUSE
CREC-2021-03-01,2021-03-01,CREC-2021-03-01-pt1-PgH883-17,Constitutional Authority Statement for H.R. 1465,HOUSE
CREC-2021-03-01,2021-03-01,CREC-2021-03-01-pt1-PgH883-16,Constitutional Authority Statement for H.R. 1464,HOUSE
CREC-2021-03-01,2021-03-01,CREC-2021-03-01-pt1-PgH883-15,Constitutional Authority Statement for H.R. 1463,HOUSE
CREC-2021-03-01,2021-03-01,CREC-2021-03-01-pt1-PgH883-14,Constitutional Authority Statement for H.R. 1462,HOUSE
CREC-2021-03-01,2021-03-01,CREC-2021-03-01-pt1-PgH883-13,Constitutional Authority Statement for H.R. 1461,HOUSE
CREC-2021-03-01,2021-03-01,CREC-2021-03-01-pt1-PgH883-12,Constitutional Authority Statement for H.R. 1460,HOUSE
CREC-2021-03-01,2021-03-01,CREC-2021-03-01-pt1-PgH883-11,Constitutional Authority Statement for H.R. 1459,HOUSE
CREC-2021-03-01,2021-03-01,CREC-2021-03-01-pt1-PgH883-10,Constitutional Authority Statement for H.R. 1458,HOUSE
CREC-2021-03-01,2021-03-01,CREC-2021-03-01-pt1-PgH883,Constitutional Authority Statement for H.R. 1449,HOUSE
CREC-2021-03-01,2021-03-01,CREC-2021-03-01-pt1-PgH882-6,Constitutional Authority Statement for H.R. 1448,HOUSE
CREC-2021-03-01,2021-03-01,CREC-2021-03-01-pt1-PgH882-5,Constitutional Authority Statement for H.R. 1447,HOUSE
